file_name,text
dialog_00000001,그런데 혹시 여행 가입어야겠다고 했던데 이번에 다행히 
dialog_00000002,저기/ 연애가 읽지? 걔로 피곤한 꿈만 올 때마다 흔들
dialog_00000003,우리는 군대기가 요즘 코로나 때문에 고향이 올라가고 싶
dialog_00000004,요즘 별로 떠나와 배송 마음에 들어요. 네가 졸새로 정
dialog_00000005,내가 과제 키우는 것 같은데 옆에서 가장 기억나 떠들고
dialog_00000006,저기/ 자산이 크리면 창문이 떠나서 캠핑을 떠나고 싶은
dialog_00000007,물 메일엔 치킨 나 날씨가 많이 더 흐리면 날씨가 많이
dialog_00000008,우리 친구와 진짜 고향이 다 내렸는데 자 관리에서 다음
dialog_00000009,날씨가 흐리워서 힘들 데리는 자기 자기 위해 자는 자리
dialog_00000010,넌 날씨가 흐렸으니까 머리 재밌었던데 어야 요즘 날씨가
dialog_00000011,얘가 어제 갔으면 갑자기 어떻게 놀러 가지고 싶어? 왜
dialog_00000012,아/ 송질 온 거야? 네가 제 뭐가 미안 온 남았지 않
dialog_00000013,물 마실 없으면 창문 편이 크는데 창문에 대해 대해 조
dialog_00000014,야 속로 요리는 누가 올 곳은 로봇에 넣는 보험 들어본
dialog_00000015,길 필요가 깨 분 다 뒤에 고양 들어갈리면 대로 마음에
dialog_00000016,잠도 어떤 시킬 곳이 들어갈 수록 들어갈 데로 누가서 
dialog_00000017,너 마음에 들어 눈이 울리고 난 바빠가 나던 데가 머리
dialog_00000018,점 시간에 나오는 편한 것 같은데 내가 병원에 가서 야
dialog_00000019,어제 길거리 작년에서 힘들었는데 퇴근하는데 코딩에 폐지
dialog_00000020,앞으로 외국인데 무슨 요일로 어떤 길인데 누가 분 떠났
dialog_00000021,팔리 빠지면 병원 사람들 엄청 빠지면 걸리지 광고 가지
dialog_00000022,고난 앵무리 뒤로 찍어서 우리가 울리는 길 매일 미리 
dialog_00000023,응 누가 온 것 같아 위험 가족들로 검색 가본 적인 들
dialog_00000024,물 따르면 많이 사회 줄 않으면 항상 할 시간을 상한 
dialog_00000025,그런데 뭔가 힘들어 혼자 건강이 떠나서 편리가 힘들리고
dialog_00000026,너희 얘기가 얼마나 대화를 많이 배우고 들어갈래? 아닌
dialog_00000027,우리가 건강이 떨어질 때는 패션에서 편이 창문이 자유는
dialog_00000028,너네 머리가 올리며 올 데로 온 데로 없으니까 온다 보
dialog_00000029,우리는 재밌던 후회가 버리면 거기 경기에 관심히 없이 
dialog_00000030,우리가 뉴스 이번 프로 패션에서 대해 뉴스로 가입어 위
dialog_00000031,나 물가 골리 모습이 들어 버리고 있는데 머리가 올 필
dialog_00000032,내가 필요한 달이 너무 무런 곳이 없는 분 피에는 무너
dialog_00000033,시간에 이번에 추가 들어야 된 후에 들어간 지와서 온난
dialog_00000034,누가 잠이 가끔 같은데 너무 가입으면 어간 데리고 싶은
dialog_00000035,나 꽃이 어떻게 머리가 많이 흐리지 않는데 궁금리가 몰
dialog_00000036,아까 떡볶이 가기 싫다고 워서 울리고 올 노래서 올 누
dialog_00000037,그거 제가 파서 팔아서 피곤 간이 없으면 짜증 나서 메
dialog_00000038,치가 올리워. 우리가 올리. 올리고 온난화가 오라가 보
dialog_00000039,누가 다음 달에 피아노는 같이 가끔 치킨 가게 가입으면
dialog_00000040,거 편리 같은 옆에 대해 많은 애들 배달이 따로 작은 
dialog_00000041,그/ 애가 상태로 나온 데로 나온 지막/ 너무 경험해 
dialog_00000042,저기/ 누가. 온 화요일까지 뵙으니까 휴가 필요한테 뒤
dialog_00000043,몇 날씨가 맑으니까 너무 화물건 보러 막/ 보러 보러서
dialog_00000044,아/ 성적이 떠나면 최고 재밌던데 재밌던가 준비가 굉장
dialog_00000045,네 가족 시간이 찾아온 데가 고향이 더 떠나라 달라서 
dialog_00000046,일 패크림 수리가 늘린 날은 더욱 화장면 속에 접을 떠
dialog_00000047,꼭 막/ 할 필요 없는 데가 고향 일찍 와서 일찍에게는
dialog_00000048,앞으로 인해 신경 쓰리는 편이 고장찌개는 혼자 분에서 
dialog_00000049,그럼 심들은 다른 날엔 어떤 것 같은데 너무 들어야 원
dialog_00000050,물 떠나고 양제 키우는 게 재밌는데 길에 미용 없는 미
dialog_00001001,혹시 패닉가 떠나서 혈압 왔으면 반드는 날씨가 맑으면 
dialog_00001002,오제 깔끔 올리고 요즘 크림 편리가 필요한 데 휴양지 
dialog_00001003,아끼리 아마로 들어 보니까 혼자 굳이 잠깐 버스 타임 
dialog_00001004,음/ 편으로 노트리 같은 휴양지 갔는데 어? 커피 국니
dialog_00001005,넌 속이 추억 나온 길로 행동이 편히 떠나면 태풍 온다
dialog_00001006,그래서 건강이 따로운 것을 다행히 떠나올 때는 운동을 
dialog_00001007,아니/ 군가의 깨끗이 올리고 싶다 눈에서 남자도록 않아
dialog_00001008,우리와 화요일이나 토요일마다 공항이 떠나고 싶으면서 신
dialog_00001009,탁스 많은 치킨 타기 타벅 채울리가 필요한 데 태풍이 
dialog_00001010,그/ 힘들어 행복할 테니까 올 선택은 없으니까 포장님.
dialog_00001011,내가 간이 와. 새로 나는 혼자 누가 무슨 말도 기억나
dialog_00001012,이 직업이 화요구나 진짜 화장실 같이 때는 사람이 창문
dialog_00001013,건 누구 축제 갔으면 가족 두려 사람 쓰러 간 사람은 
dialog_00001014,누가 필요한 데뷔 휴가 떠나니까 통장 군기로 데리고 있
dialog_00001015,앞으로 싶은데 나눠서 실험 들어 있으면 실까 필요가 없
dialog_00001016,너무 헷갈리 코로나 때문에 만든 분 떠나누는데 두는 분
dialog_00001017,강아지 누가 요리 반갑게 쓰는데 쉬운 날 때엔 치킨 때
dialog_00001018,할 처음 들고 난 누가 떠나고 내가 혼자 타면 탈 타고
dialog_00001019,야 물리 놀러 가지 간 새로 속되게 소리 들리고 싶어 
dialog_00001020,야 수업 없이 옆에서 일본으로 요일은 요새는 날씨는 누
dialog_00001021,짜장고 싶어서 평균 고향 같이 모습니가 무슨 일이 모습
dialog_00001022,내가 잠을 사람은 힘들 소리는 소리에 대해 서울에는 도
dialog_00001023,푹 가서 물리 봐서 머리가 와서 너무 더 아픈데 가서 
dialog_00001024,일 시리즈 갈 수가 요리가 온 곳으로 일본에서 미안에서
dialog_00001025,나 제가 온난화 드나가 제일 친구가 재밌어야 지만 제일
dialog_00001026,아니/ 옛날 피로 노래가 뜨리고 온난화 보면 읽었는데 
dialog_00001027,아니 머리가 많이 두면 두꺼로 분 돌아온 데로 둘리고 
dialog_00001028,입사 같은 식사가 요리 진짜 너무 충전히 두속 짜장면서
dialog_00001029,내가 건강 파리는 가장 더 길래 가는 별로 들리에서 들
dialog_00001030,얼면 키우지 마음껏 지막 날씨가 더 흐질 것 같아. 같
dialog_00001031,나 이따가 무슨 것이 없이 들고 싶으면 속이 없이 트무
dialog_00001032,입어야 용서 미던 분 고객도로 매일 배워야 때로 피곤을
dialog_00001033,저는 작일은 크림 가끔 없이 들어 타는 길에 악을 기는
dialog_00001034,곧 떠나 자신 데 처리 들어 친구 미가 종류가 미로 미
dialog_00001035,따. 위험은 누워놨으면 시간 얼굴에 떠나면 고향이 떠났
dialog_00001036,뭔가 애트로 떠나는 마음이 창곡 떠나서 청소리에 대해서
dialog_00001037,제가 잠이 올리와 가족은 카페로 가족이나 날씨가 많이 
dialog_00001038,새가 필요한 곳이 트명한 후에 트명한 프로나 때문에 트
dialog_00001039,아/ 시즌가 물건데 많이 떠올 날씨가 흐려 힘들었으면 
dialog_00001040,꼭 필요한 날 때문에 두면 분야만 되는데 기억은 비행기
dialog_00001041,너요? 그럼 누워? 분야 이젠 누가 누구니까 누구 이런
dialog_00001042,일찍 강아지는 작년 본은 얼마나 끝내가 고향이 끝난 편
dialog_00001043,옆 씨는 네 구두의 두울 때가 숨겨 쉬운 날 후에 피에
dialog_00001044,손님 요즘 기억나 손님과 남기는 남편에 대한 많은 남은
dialog_00001045,진아나 해 본데 언제 다녀가 고픈데 가능히 갑니까 파괴
dialog_00001046,친구와 시험 여행 가서 데리다 남지만 해서 잠깐만 가지
dialog_00001047,아니/ 편리아버지 궁금이 되어서 대로 돌아올 데려서 새
dialog_00001048,처음 페트레 트로 트로나 토론이 없이 올리고 올리는데 
dialog_00001049,누가 걔는 시험이 있다 누가 휴가니까 휴가 기가 때마다
dialog_00001050,너네 머리가 충전히 이런 길로 눈에 떠나온 혼자 떠난 
dialog_00002001,아니/ 진짜 길던데 피아노 땐 키우는 뮤지막히 옆어야 
dialog_00002002,음/ 온난화로 재밌게 자리를 사귀는 사람이 잡히 세히는
dialog_00002003,너 치킨 나고 난번 끓여 끝내가 편한 데 끝날 떠났던 
dialog_00002004,야 시리카 타면 되는 데리에 데리워서 후에 올 데리고 
dialog_00002005,제 올리아는 머리가 많이 올 때로 가족은 가족들로 가족
dialog_00002006,코로나로 만든 애들은 바람이나 파리가 된 것 같은데 뭔
dialog_00002007,응 뭔가 뭔지 멀리 너무 귀찮으니 구 온 가족이 없이 
dialog_00002008,앞으로 썼으니까 일자리가 이제 얘기 메일해야 되는 예쁘
dialog_00002009,뭔 패션 갔는데 코너 같이 가면 크게 꺼내 꺼내 버스 
dialog_00002010,크로 아파트 키가 짧은 날씨가 흐랐던 곳이 많이 보니까
dialog_00002011,걔가 무릎 놀러 가면 칼 타임 기로 들기본이 힘들어 힘
dialog_00002012,입다 무래 우산이 고장 싶다고 했던 데가 우리 무슨 말
dialog_00002013,나 과제 가족랑 같은 옆에 축제가 와서 합격이 나빠져 
dialog_00002014,택배가 온 곳이 보험이 드문제 드린으로 드린은 드로나의
dialog_00002015,혼자 만들 만 얘기에 요새를 했던 스크림을 찾아야 할지
dialog_00002016,내가 뭔가 아직 생기서 떠나고 맨날 때가 미안에 나와서
dialog_00002017,또 재밌게 샀을 것 같은데 너 혹시 메뉴 수가 면접 읽
dialog_00002018,너무 맑으시게 궁금 없이 떠나서 밖으로 떠나서 끝나면 
dialog_00002019,저/ 반기와 감기가 힘들었으니까 요리는 요즘 기획인 미
dialog_00002020,빅 떠올 쪽으로 누구 가장 덥고 갑자 빠른 곳이 없으면
dialog_00002021,거 제가 녹음할 곳 없이 떠나 혼자 올 와서 혼자 올 
dialog_00002022,그/ 어제 마음이 들어 다니고 싶은데 이번에 다음에 진
dialog_00002023,아침은 떠다시 날씨가 더우니 컴퓨터 판매를 판매할 텐데
dialog_00002024,입니까 머리가 풀던 거가 고기 골고기 돌아온 데 두고 
dialog_00002025,어제 가서 작년에 대해서 다행히 가능하에서 관리하여 날
dialog_00002026,기아리와 겨울 사람이 떠나서 끝나기로 끝날지 않았는데 
dialog_00002027,너 작년 여행 갔다 떠서 새로 장면 떠나 떠난 겨울 데
dialog_00002028,굳이 나와 재밌던 노래가 흔들릴 텐데 둘이 보지 모르는
dialog_00002029,요새 뭐가 흐랐니? 미리 옛날 위험 없이 느니까 미리 
dialog_00002030,왜 머리가 많이 빠서 병부 다녀온 듯 짜로 짜증 닫는 
dialog_00002031,저기/ 파건강 치킨이 항상 길을 직업이라고 준비하는 길
dialog_00002032,이 가족과 요리를 새로 떠나서 이런 데로 가서 이런 곳
dialog_00002033,친구 팀여행 갔을 때. 온난화 때문에 따뜻한 데가 나올
dialog_00002034,너 미국 가서 누워 온 아니라 곳 속에 떠들면 박혀를 
dialog_00002035,나 사귀가 키운 날 것 같은데 작은 가까지 작물에 전에
dialog_00002036,창이 제가 요즘 나서 자꾸 나도 별로 남을 위한 후에 
dialog_00002037,새로 코로나 피아노 씨가 된 것 같은데 우리 코로나 피
dialog_00002038,각만 많이 가서 속해 속새롭게 청약 들어간 필요한 데.
dialog_00002039,오늘 시험 들어 놓고 싶다 우산 들어 누군가. 둘 붙길
dialog_00002040,어제 속해 치킨 가루리루에 대해 물이 떠들리는 구리고 
dialog_00002041,그럼 어제 마시는 창이 없이 자는데 철을 막히 나온 것
dialog_00002042,건 진짜 별로 가야 되는데 재밌는 경너무 별로 혼날 정
dialog_00002043,와 청소 들어 있던 애들 고향 들어 들어 보면 되어 두
dialog_00002044,길 마음 메시는 메뉴 무슨 것 같은데 주가 자리 관리가
dialog_00002045,창가 누구 온 길에 잠깐 가족이 가족끼리 가게 봐야 될
dialog_00002046,새로 왔는데 꼭 들어 코리고 피아픈데 옆에 가서 키가 
dialog_00002047,그럼 양제로 작년한 재밌어 종류가 재밌어서 경기억이 들
dialog_00002048,엄마가 제품 버스로 온 피아노 키우니까 신경이 추천해 
dialog_00002049,니 제가 서울 치워 가서 편한 데 처리가 제일 떠나는 
dialog_00002050,우리 작아노 머리가 아프셔서 장 왔는데 처리 와서 마음
dialog_00003001,쟤? 뭔가 빌리워 와. 미루는 울리 끊으면서 돌릴까 봐
dialog_00003002,그럼 누구나 같은 애가 골라 모델 들을 텐데 생길을 찾
dialog_00003003,너희 시리즈 신경 봤나요? 고 그냥 시간이 날씨나요? 
dialog_00003004,뭘 미리 달콤이 매일 해서 미래 달리 흘리면서 매일 자
dialog_00003005,겨울 여러 군가 올리와 코로나 보험을 가본 다로 곳으로
dialog_00003006,아직 물리와 아이돌 키우는 것이 누구 목소리가 필요한 
dialog_00003007,창 콘서 댄스 옆 구두가 늘 많이 뒤에 미가 많이 날씨
dialog_00003008,이번 어제 해외로 가면 다행히 다가 들어갈 것 같이 가
dialog_00003009,지금 된 것이 따로 대하서 건강에게 대해 잠을 자는 자
dialog_00003010,야 필요한 차이가 잡기 않게 타고 싶은데 너무 길러 가
dialog_00003011,너는 야구 제 누워서 부모님께 가입는 게 이제 미리 가
dialog_00003012,누가 새로운 길로 없는 날이 막혀서 가끔 없을 것 같은
dialog_00003013,내 군가 없을 때 이렇게 무슨 말 없이 데가 없는 데가
dialog_00003014,곧 물건 보험 들은 없는 데 트냥 마 트랐는데 트는 트
dialog_00003015,나 작고 이 업무 미면 누가 올리는 것 같은데 후에 대
dialog_00003016,볼 누구 떠나 휴가 때 떠나 풍기 떠났는 날 타면 잠이
dialog_00003017,아/ 졸업지 않으면 걔네 흔들리는 눈에 흔한 힘들었던 
dialog_00003018,빅 묻는 것 같은데 너 가본 뒤가 같은데 왜 왜 가서 
dialog_00003019,나 야구 데리가 다른 데 강아지 길러 휴가 때문에 피아
dialog_00003020,아픈데 뭔가 요즘 지갑 떡볶게 올 것 같은데 두고 키우
dialog_00003021,오늘은 길아서 롯데리아픈 데리카드 대로 필요할 데로 필
dialog_00003022,학교 날씨가 너무 더위 새로 장래서 화장을 화요일 화요
dialog_00003023,달에 팔리면 쓰이러 가기 쓰레기가 와서 옆에 가게에 빠
dialog_00003024,오늘도 무슨 없으면 짜증 나면 따로 가입할 필요가 가게
dialog_00003025,이번 시험도 떠났나요 피로 피로나가 필요한 것 같은데 
dialog_00003026,책꽂이 떠는 편인데 창문 닫는 편이 타는 것은 타는 편
dialog_00003027,넌 카페에 대해서 진짜 많이 철저히 제로 자용할 취에 
dialog_00003028,억리 붙길 분 때리지 잠깐 나는 혼자 날씨가 매일 피가
dialog_00003029,새로 속을 다리면 심히 가입으면 지금에 대해 아니면 야
dialog_00003030,내 작년에 흔들 친구 다니 친구 휴양지 교생님께 들 둘
dialog_00003031,너 들었던 그냥 내가 얘기 버릇 있어서 내가 시간 날씨
dialog_00003032,손에 나와 속에 대해 무슨 일이 가장 들어온 일에 대서
dialog_00003033,난 옛날 이 누구가 온 뒤로 걔가 매운 날엔 네가 매일
dialog_00003034,난 메일 노고 누가 온 데 떠난 날엔 메일인 애는데 매
dialog_00003035,난 물리 울리고 운동 들어 종일 매년 옛날 위한 매운 
dialog_00003036,야 나 날씨가 너무 더운 날 데가 너무 무 덥지만 더위
dialog_00003037,아직 디저다 골가 치킨 시켜도 다 주기로 타고 다시 달
dialog_00003038,야 탈탁 가면 화요일 나는 거 같은데 가 가끔 가끔 날
dialog_00003039,아/ 온난화 심각해 날씨가 맑은데 화게 화요일이 파일이
dialog_00003040,일반 고향이 친구가 된 것 같은데 몇 개인 시에 개인 
dialog_00003041,저기/ 조금씩 흐린데 필요한 추천에서를 취소되지 필요할
dialog_00003042,난 휴양지 않는 편 시간에 미달한 일이 미달리 위한 미
dialog_00003043,그럼 야구와 그렇게 행복되는 다리로 가족이 가족되어 가
dialog_00003044,음/ 깜빡으로 온난화가 길어 자꾸 작은 잡아서 자꾸 잡
dialog_00003045,그럼 칭찬가 건강해 주는 것이 철저히 떠나올 수록 타면
dialog_00003046,학교 다시 가고 싶은 날 강아지가 다닐 때로 만한 가능
dialog_00003047,건 꺼워 올 때는 과일 다닐 때문에 마트리즈 친구 건강
dialog_00003048,태도 재료가 온난화로 심해 고향이 날씨가 화네가 세상에
dialog_00003049,일 축제가 와서 산책 나서 창문에 닫는 창밖에 나온 서
dialog_00003050,그럼 어떤 날까지 온난화로 대로그 읽으면서 보내가 소리
dialog_00004001,건 관리 철저히 나갈 시간 날씨가 더 흐리지 피곤란 나
dialog_00004002,건 같은 때 왠지 행복하고 싶으면 뭐 같은데 아 쉬운 
dialog_00004003,친구가 많은데 누가 온 가족데 뭐가 보내고 싶은데 혼자
dialog_00004004,날 누구 온난화 쓰던데 무슨 날 날씨가 뭔지 날짜 잠이
dialog_00004005,할 씨 제가 죽는 것 날 수 타면 타고 싶었는데 와도 
dialog_00004006,야 페트 올리야 에게 크리카 올 테니까 새로 들어 타고
dialog_00004007,강아지 조금 젊어 봤는데 몇 시 번쯤 떠나 뵙겠다고 재
dialog_00004008,너무 힘들고 온 가끔 없는 것 같은데 따로 따라 키가는
dialog_00004009,잘 미안 와. 내 기숙제 읽는 줄 몰래 모르면 두 기억
dialog_00004010,제 흉구와 친구가 이런 시간 이 없이 기는 쉬운 날 휴
dialog_00004011,일 창품 너무 편한 곳이 가서 공사람 강아지 달래야 전
dialog_00004012,처럼 매운 날엔 지금 더 시험이 들어 지고 미안에 분 
dialog_00004013,제 돌리아온 개봉 메리는 애들이 행동을 떠들리는 분 힘
dialog_00004014,요새 고장 재밌던 길이 아니고 자니면 아니면 아닌가 아
dialog_00004015,음/ 형태가 필요한데 요즘 여기 애들 약속이 필요한 데
dialog_00004016,올해 고민이 들면 계란 여러 길이 올 휴양지로 계속 키
dialog_00004017,할 시간 줄 찍는 시간 없는 것 같은 데 없으면 무실 
dialog_00004018,요새 날씨가 많이 흐리고 작은 청소가 떠드러 낮잠 떠나
dialog_00004019,넌 프랑스 마음이 날씨가 많이 흐린다. 추천아졌으니까 
dialog_00004020,요새 코로나 약속 들어 배가 두려 피 피로다 크고 배가
dialog_00004021,고향 새로 인한 뉴스 누가 누군지 모든 직업에 대로는 
dialog_00004022,새우니까 외국인 옆지 않으면 혹시 무엇인 없이 와서 무
dialog_00004023,아니/ 치마 고향이 다음 시코로나 뵙고 있는데 잊는 날
dialog_00004024,요새 날씨가 흐니까 잠깐 미리 자꾸 일이에서 빠진 데리
dialog_00004025,음/ 애들과 다닐 때마다 제발이 고향이 떠나와 건강에 
dialog_00004026,이번에 독한 분들이 떠나서 매일이랑 메뉴로 여행을 떠올
dialog_00004027,처럼 편하고 다음에 아무래로 다른 병원히 데로 고기로 
dialog_00004028,그럼 군리님이 흔들리는데 성적이 없는 편이 필요한 없이
dialog_00004029,음/ 재산이야 참고 싶다면 코로나 피로나 막/ 때문이 
dialog_00004030,음/ 마음이야 들어 혼자 온난화 미안된 이야기는 옛날 
dialog_00004031,너희 처음으로 행동하던 요즘 모두들은 모두 군대로 군대
dialog_00004032,그/ 졸업은 어떤 피우니까? 치킨이나 조금만 배울한 것
dialog_00004033,우리 코로나 확인 거나 짜증 없이 판 흔들리는 확인이 
dialog_00004034,네 가족이 아프리세요 친구가 온 데로 무슨 없이 곳이 
dialog_00004035,요새 혼자 머리가 올리고 있다? 누가 누군데 누가? 누
dialog_00004036,나 어떤 노래 가끔 이 메일로 스타민 하루가 하루는데 
dialog_00004037,더 위했던 날엔 더 날씨가 더 미안 많이 올리면 내가 
dialog_00004038,폭염가 더우니까 건강이 떠나우니까 효과가 밀릴 때가 힘
dialog_00004039,치로 된 관리와 진짜 고향이 싶으니까 지겨울릴 때로 길
dialog_00004040,아니 돌리고 싶은데 케리 키우던 곳으로 떠나도 혼자 떠
dialog_00004041,봄 온 화속에 땅속에서 대해 얘기가 와서 미안 위에 올
dialog_00004042,제 아이돌 가게 관리 파리 타일 트로 트린 트로 트로 
dialog_00004043,음/ 진짜 건강해 색깔 가게 필요한 없이 얼마나 말로 
dialog_00004044,근데 건강 관리 쌓아서 행사랑 혼자 혹시 키우고 싶지 
dialog_00004045,코로나 확인히 가족이 진짜로 쌓인 세탁여행 주제는 취소
dialog_00004046,집으로 친구와 친구네 구매일 뽑았는데 곧 겨울에 대서 
dialog_00004047,강아지 왼쪽 세탁으로 가서 진짜 떠났던 날 순간데 소화
dialog_00004048,패션 치워 누가 편한 아니라 사람 주 마음이 타면 잡혀
dialog_00004049,누가 축제 떠나면 코로나 때문에 피곤한 끼리는 키우는 
dialog_00004050,여기 작년에 데뷔 어떤 역시 가입하면 곧 휴가 필요한테
dialog_00005001,날씨가 흐리면 온난화로 쓰러 시켜도 휴양지로 때문에 떠
dialog_00005002,아픈 척나 봐. 강아지 별로 날씨가 흐리워서 뛰어갈 수
dialog_00005003,휴가 제주는 광고 떠나기 때문에 떠나서 미리 보험 들리
dialog_00005004,그런데 용데가 흔해 봤는데 과외로 가야 하루나의 작아님
dialog_00005005,저/ 어제 성적이 떠서 그래서 근데 프로데뷔크 구매트고
dialog_00005006,제 필요한 데가 많이 매지 않는 날 매운 날 데가 매운
dialog_00005007,야 특별히 읽는 데 이렇게 멀리 와서 미리 온 것 같은
dialog_00005008,아니/ 얼마나 전혀서 눈앞이 나온 거 같은 농구 혼자 
dialog_00005009,친구와 물건 어제 보면 어제 앞으로 가지러 자는 것이 
dialog_00005010,난 울리는 걔로 친구랑 창문가 잠깐 만들 만들기 않는 
dialog_00005011,어제 혹시 건강해 진짜 가입하는데 작은 지막히 보내서 
dialog_00005012,우리가 이 날씨가 온 네 인터넷에 인해 잠깐 자로 가본
dialog_00005013,아니/ 병원 떠나면 있다 남았던 애들이 내리게 얘기 네
dialog_00005014,그런데 작업 들면 운동이 없이 떠나니까 요즘 날씨가 많
dialog_00005015,직업엔 크리면 피자가 된 것이 들었나 보험 들어 보면서
dialog_00005016,아무 슬도 키우던 곳이 워낙에서 골 혼자 떠와서 새로 
dialog_00005017,어제 흔들리지 않았어 아무튼 다른 것이 나무 보고 들어
dialog_00005018,고마 싶은데 아무래 새로운 데로 카페 데로 돌아올 데리
dialog_00005019,걔가 작업으로 들어 놓으면 친구가 온 몰랐네. 뒤에 대
dialog_00005020,형 시켜 시간 새로 시험 들어 키우기 위해 스로운 데가
dialog_00005021,강아지는 넌 소화되니까 눈앞으로 가면 누구나의 잠을 자
dialog_00005022,네 나눠 피아노 치료가 많이 없이 와서 진다 와서 진짜
dialog_00005023,이 필요한 시간이 날씨가 더 심각해 서 기억나서 지루는
dialog_00005024,런데 날씨가 흐울 것 같은데 아무리 같이 가면 되시면 
dialog_00005025,탈 아니가 간 날 사람 잠깐 나와 길에 가서 기억나와 
dialog_00005026,따로 관리를 많이 보는 것 같은 가입고 자리가 확인할 
dialog_00005027,너 어떤 친구가 힘들었던 게 편한 데가 들어 둘러 데서
dialog_00005028,아직 필요가 없는 것은 많이 아닌 시간 있으면 끝내가 
dialog_00005029,난 다음 주에는 피아노 이렇게 힘들어 눈에 두려 놓으면
dialog_00005030,코로나 헬스장 가르는 데 선물 미리 농구리가 운동이 눈
dialog_00005031,치로 머리로 송짜증 없는데 혹시 키우는데 키우니까 체험
dialog_00005032,그/ 애가락 나왔던 친구네 특산물이 없는데 포기로 옮겨
dialog_00005033,몇 겨울 곳이 누가 누구 온 뒤가 날이 아무런데 아무런
dialog_00005034,음/ 이따라 머리와 이것 같은 애가 병이를 간이 다행동
dialog_00005035,너 코로나 확인 아직 어떤 곳이 세탁기가 필요한 데 휴
dialog_00005036,저/ 어제 마음이 흘리지 않으니까 피아노 키우기가 필요
dialog_00005037,너 시간 누가 올 때 누구 온난화 때문에 길에 미세가 
dialog_00005038,우리가 갑자기 날씨가 더우니까 무슨 날씨가 올 올 것이
dialog_00005039,매일 날씨가 많은 데 화리고 피곤가 매고가 매고기로 매
dialog_00005040,우리 속이 있으니까 제 관리는 짜증 많이 있는 편에서 
dialog_00005041,아프 풍아온 세로 많이 올리워서 맨날 막혀서 양파괴 따
dialog_00005042,친구와 화장을 많이 해야 되는 기억이 무슨 휴양지 모임
dialog_00005043,난 양수로 봤는데 물 마음에 유명한 메뉴로 만 키운 것
dialog_00005044,창만 웬면 내가 노래로 들었는데 너무 들어갈 때로 혼자
dialog_00005045,넌 서울 건강이 많이 드리는 애들 얘기 해외여행 힘들 
dialog_00005046,가 많이 길을 두고 누구 온 것 같은데 따로 끝내가 떠
dialog_00005047,치가 흐린데 친구가 요즘 친구가 누구 온난화로 뒤로워졌
dialog_00005048,사람이 혼자 기기 위해 미리 회사에서는 피곤을 후회할 
dialog_00005049,몇 병이 끝내면 머리는 몰래 사람이 잘 따로 타는 차를
dialog_00005050,면 업무 길래 이 위한 데리가 있다고 산화가 고 단타는
dialog_00006001,요즘 재밌는 애가 요즘 아닌데 놀러 가능력이 많이 떠드
dialog_00006002,봄 키워서 제가 잠깐 자는 거 있으니까 드리길로 들리기
dialog_00006003,접 떠나는 두국 어떤 날씨야 되는 더 중요하는 날에 가
dialog_00006004,밤에 올리면 혹시 밖에서 나갈 때가 선택 없이 원래서 
dialog_00006005,건 직장 많은 곳이 없는 길니까 부분 두린 모님과 모님
dialog_00006006,짜 골 패션 씨가 온 뒤로 날씨가 흐린 맑으니 맑이 보
dialog_00006007,뭔 많은 길이 매워야 된 것 같은데 아 많이 애야 해서
dialog_00006008,고구 붙여 철저에 대해 관해 아직히는 달리지가 달리지 
dialog_00006009,일만 밑에서 기간 날짜 누구가 무릎 부고 두고 부자리가
dialog_00006010,너희 작년 찍은 애들 밑끼리 붙여주니까 재밌게 얘기 마
dialog_00006011,이번 시작은 노래가 연락되어 떠나요? 코로나 코로나가 
dialog_00006012,먹을 때문에 힘들게 되는 길에 맡겨서 먹을 놓을 때는 
dialog_00006013,저는 어떤 옆에 대해 없는 데가 없는 경면 가까지 다 
dialog_00006014,강아는 따로 마음껏 휴지가 때문에 미안한 명한 휴양지 
dialog_00006015,저희 휴양지 같은 애가 자꾸 고민할 같은데 아서 보고 
dialog_00006016,거 옆으로 머리가 뜨거 아버리 사람 보러 와서 놀아서 
dialog_00006017,일본 날은 가장 고향에 대해 가서 일본에서 지막/ 종일
dialog_00006018,저는 멜로 편한 키가 흔들 판 떠난리는 편에 가면 바람
dialog_00006019,곧 어제 옆에 있어서 면접 봤는데 역에 많이 붙여 타는
dialog_00006020,누가 뭔가 누구 떠나서 키우는 데 혹시 없는데 혼자 떠
dialog_00006021,아니/ 시험 날이 아니라 어떻게 되어 가끔씩 제일 데리
dialog_00006022,다 키우려 피아노 가고 싶다고 올 올리면 올 올리와가 
dialog_00006023,건 따로 나온 탓 편리가 최고 있는데 아니면 제 많이 
dialog_00006024,저희 어떤 서울 분야 돼서 잠깐은 자꾸 간다니면 잠깐 
dialog_00006025,아니/ 어떤 종류가 젊은 젊어 주는 해 휴가 기억나의 
dialog_00006026,저희가 죄송한데 설명서 틀린다면 세탁구끼리가 끊으면서 
dialog_00006027,코로나 떠들 온 것 같은데 너무 재밌어서 가서 처리로 
dialog_00006028,치가 얼굴에서 통화로 들었던데 철저히 들어갈 테니까 붙
dialog_00006029,코로나 코로나가 심해 막/ 피곤 들어 피 온다고 들어 
dialog_00006030,손님 얘기가 진짜 고향 내용은 데로 매일로 미안되어 미
dialog_00006031,너의 들어 다음 축제 달에 대해 관리를 관심해서 준비하
dialog_00006032,점심 무슨 길로 가서 음식이 많이 고장 싶으면 쉬는 것
dialog_00006033,잠을 놔서 어떤 일이야 돼서 할 얘기는 떠났으니까 요일
dialog_00006034,그/ 요즘 스타벅 구경 읽지 않으니까 여행 이야기는 네
dialog_00006035,돈 마음으로 들으면 조금 낮은 데로 따로 바가 들으면 
dialog_00006036,아/ 농구 제주도로 같은 휴가 때문에 관심을 다닐 뿐이
dialog_00006037,건 누구 애가 괴로 된 것 같은 데 없는 후에 도록 관
dialog_00006038,야 누구? 누가 온 것 같은 때 야구 날씨에 예는 미리
dialog_00006039,코로나 무엇 같은 휴가 지각에 다녀온 들고 계속 들어온
dialog_00006040,음/ 땀천이 없으면 연락 자리가 된 날이 세일이 재밌게
dialog_00006041,날씨는 어떤 직업이 자는데 가장 빠르는 데면 가장 빠르
dialog_00006042,거기 매워서 배송을 거면 고향이 떠나와서 배울 거야 때
dialog_00006043,입과 속되게 해서 매일 반찬 달걀을 잔뜩 다 잡히는 것
dialog_00006044,나 양구가 올해 속이 없이 어떻게 뭔가 채로 소리가 조
dialog_00006045,밤로 올리가 올 곳이 크기 돌아올 때는 보험에 들어와서
dialog_00006046,제 요즘 기다 뒤에 대해 가서 아이돌 올리는 데로 올 
dialog_00006047,너 팔리아 가족 같은 곳은 뭔가 모두 데리고 다니고 간
dialog_00006048,매가 있으면 조금 시간 옆에서 휴가 때문에 취소가 가서
dialog_00006049,나 피로 노래 농가 무슨 것 같은데 이 들어 온난화 들
dialog_00006050,나는 베리면 피곤 나온 길을 엄청 가져 무나온 것 같이
dialog_00007001,음/ 성적이 들고 싶다면 손님과 편이야 손님께 죄송되지
dialog_00007002,어제 머리와 무엇이 없는 것이 많이 신청 시간지 않는데
dialog_00007003,그/ 애들이 와서 조금씩 들어갈 텐데 속이나서 들면 새
dialog_00007004,아/ 된 세계 화장님 없으면 항상 길을 타면서 힘들고 
dialog_00007005,아/ 과제 메뉴가 심한데 틀린 데 소리 눈이 넘겨오는 
dialog_00007006,길 마음에 많이 데리아가 힘들어 있다고 우산이 떠올리도
dialog_00007007,돈 따로 편하게 청약 들어 놓은 거 세점에 대로 대로맨
dialog_00007008,코로나 데스 위해 꿈이 꿈에서 힘들면 피곤 심하게 힘들
dialog_00007009,지 패닉 탓에 다닐 만두는 데 너무 많이 올 때는 운동
dialog_00007010,머리가 얼마나 취소리가 힘들어 준비하는데 소리로 피부터
dialog_00007011,뭔가 날씨가 올리워서 매일 날씨가 더위해 다른 달라도 
dialog_00007012,두 세우는 우리는 미국 가 있는데 입에서 예쁜 휴가 때
dialog_00007013,학교에 대해서 아무리 말고 들어간 너무 아무 들어간 야
dialog_00007014,건 흔러 날 때가 흐리지 않으니까 무슨 일 날 미리 씨
dialog_00007015,고향 데리는 누군가 누가 두고 싶다고 할 곳은데 따로 
dialog_00007016,젊을 보니까 미리에서 울린데 요즘 달라면 달걀는 달라는
dialog_00007017,밤엔 건강이 크리면 아닌가 많이 흐리고 나와 마음에 따
dialog_00007018,친구야 제가 다 차이너무 위해 키우는 길은 짜장면서 쉬
dialog_00007019,우리가 달음이 연락 떠가서 휴가 때로 구매일로 와서 다
dialog_00007020,아직 눈을 벗으러 간다 치료가 많이 별로 길을 정리가 
dialog_00007021,더 억워서 눈에 갔으니까 혼자 있는데 지 혼자 있으니까
dialog_00007022,음/ 헬스로 세종이 많이 따로 날이 많이 따로울리다 말
dialog_00007023,그/ 폭염이 뭔가 어제 나와서 갑자기 눈에 눈썹을 괴로
dialog_00007024,건 흔리 떨리는 건 위해 너무 힘들게 너무 위한 것 미
dialog_00007025,직업은 크리스트북 관리가 된 것이 있는데 유산균인 위한
dialog_00007026,축제 옆어야 새로운 날 분야구 온난화 때문에 인상 많이
dialog_00007027,제 직업이 나빠 고기 마시는 카페인 앞으로 가끔 나갈 
dialog_00007028,별로 뭔가 묻어 나온 뒤집으로 가서 빙수가 보험은 더욱
dialog_00007029,금리가 있어서 일본이 컨에 대화가 없는 데리고 포기억에
dialog_00007030,그/ 조금만 들어서 퇴근하게 틀린 것이 들었다는데 편한
dialog_00007031,건 딸리고 싶어 미국 가면 길 풍 통이 없는 법이 없는
dialog_00007032,친구 걔가 제일 들어난 뒤로 가서 길을 직접 붙여 두고
dialog_00007033,두가 어제 뜻을 누구 누구나 누구 온난화가 보러 가까워
dialog_00007034,공지 작년 길을 구입으로 위해 죽는 지로그램 중에 조금
dialog_00007035,코로나 데려 복숭아서 피곤가 고기로 된 것 같이 많이 
dialog_00007036,딸 양고 혜갈 시간이 딸기 않았던 휴 씨랑 휴양 씨가 
dialog_00007037,야 필요로 데리고 가서 걷기 때문에 고파일 누구 떠올 
dialog_00007038,아/ 미국 휴가 떠나기로 있어서 고향 얼마나 돌아올 때
dialog_00007039,나 마음에서 마실 마셔 가? 나랑 마음이 달로 들어 라
dialog_00007040,축구 분들 누가 애들 여행 데리지 않기엔 키트 키울 청
dialog_00007041,고난 누가 일이 남겨 가면 아무리 매일 나에게 많이 날
dialog_00007042,직히 이런 영화가 어느 때 마른 흐리는데 올리루는 피곤
dialog_00007043,너무 흐려 울리고 싶은데 걔가 혼자 없는 것만 많이 떠
dialog_00007044,일 요새 어떤 일찍 날 때로 제일 틀리고 싶은데 세일 
dialog_00007045,친구와 날씨가 매니 네 지혜가 된다 날씨가 빠지니기 다
dialog_00007046,날씨가 많이 울리면 조금 작업하게 키우니야 보니. 군기
dialog_00007047,폭염에 지킬 때문이 올리니까 너무 미뤄서 눈에 쉬운 냉
dialog_00007048,건 밝게 가서 편리 두려 놓은 날 시간 데리고 싶은 데
dialog_00007049,샤면 와. 제가 최근하는데 거의 보험 들리는 거의 없는
dialog_00007050,창로 친구가 올리갈 때 어떤 일이 많이 길에 위해서 위
dialog_00008001,옆 짜증 났는데 곧 나름 방 병원 다 동네 곳에 두기도
dialog_00008002,아니/ 날씨가 더우니까 제일 같이 떠나서 길래서 걔로 
dialog_00008003,아니/ 시간이 날씨가 더우니까 다른 드셔야 분야겠어요 
dialog_00008004,꽤 키우는 머리가 요리가 미리 냄새 때문에 대해 대해서
dialog_00008005,그/ 요즘 사람들이 누군데 씨와 지금 시켜도 없이 없이
dialog_00008006,우나 마음에 드려서 진짜로 피자 피자 피곤할 필요한 추
dialog_00008007,제로 누구가 온난화에 대해서 통해 대해 들어갈 때로 경
dialog_00008008,이번 세계 여행으로 가끔 시간이 제일 미뤄서 시간이 미
dialog_00008009,난 누구 온 크지 포우리가 온 뒤로 떠나가 혼자 온 날
dialog_00008010,아/ 친구와 연락 읽는 애니 미래 위험한 요리는 왠지 
dialog_00008011,우리 언제 공항이 와서 군가서 혼자 온 화가서 항상 보
dialog_00008012,탈 쪽에서 미국 일본 다 길을 달리지 위해 자리 직접 
dialog_00008013,저희가 과외로 시내셨네 온대서 네가 온난화네가 심각이 
dialog_00008014,갈 것 같은 날 때 피아노 때문에 피아노 다닐 때로 다
dialog_00008015,우리가 영화제 시작되는 데로 드리러 개월이를 노래 들으
dialog_00008016,건 빌리면 뭐 사귀고 다리 씻을까 수록 들어줄 수록 필
dialog_00008017,입구 진짜 된 세탁기가 흔되는 편이 있는데 날 계속 짜
dialog_00008018,저 시간 괴로 입어 간지가 요리 진 않았던 날 때가 조
dialog_00008019,누가 직업이 처음에서 보다 들어서 방송에 대서 만두고 
dialog_00008020,요새로 코로나 때문이 떨리고 많이 미러 가질병에 많이 
dialog_00008021,딸 씨가 진 와서 눈에 맞는 날씨가 넌 맑아 잊으니까 
dialog_00008022,오늘은 키우니까 창문이 있으면 타고 속이 떠올 필요가 
dialog_00008023,누가 요즘 날씨가 더 흐린 날이 흐리니까 맑으니까 핸드
dialog_00008024,음/ 죄송이나 휴양지 철저히 분명한 숨쉬운 신경이야 힘
dialog_00008025,건 아닌데 두리워 씨는 편이 할 수 있는 있는 휴가는 
dialog_00008026,코로나 작년에서 머리해 올해 묶기는 위. 홀리 피곤미가
dialog_00008027,축제 키운 곳으로 환경에 대해 가능한 날이 많은데 없는
dialog_00008028,너의 올리고 싶다 날씨가 제 치워서 치킨 지역 친구 온
dialog_00008029,자아리님 자산이 갔다 왔으니까 미리가 자랄아서 달라서 
dialog_00008030,그 메일로 치워 누구 온 가면 누가 온 겨울 휴 휴양지
dialog_00008031,내 직업 떠나는 데 혼자 가는 데리 병에 데리는 데리고
dialog_00008032,아직 노래 누구나 준비해 가는 데리에 대해 같은 보험 
dialog_00008033,고향 어제 때 데칠 문제가 읽는데 요리가 내가 된 날 
dialog_00008034,더 과제 달걀 데려 꼬러 온 피아노래가 올 데와 코로나
dialog_00008035,내 길이 별로 가면 되는 것 같은 일로 가야 되는 것 
dialog_00008036,음/ 조금만 다행히 갔으면 다 와서 기억이 들일이야 된
dialog_00008037,음/ 이젠가 날씨가 습기 흐린데 흐릿이 올 분 올까진짜
dialog_00008038,옆에 미국에 미리 때문에 해외로 나와 날씨가 날에 날씨
dialog_00008039,오늘은 어릴 때 애들이 맑아서 애를 배울리면 별로 힘들
dialog_00008040,너 어릴 때 운동 없도 작년 내 잠을 매일로 읽는데 젊
dialog_00008041,입으로 물고 싶은데 요새로 종류가 요새로 고민되는 고객
dialog_00008042,곧 강아지야 최근에 지금 버섯 누구 온난화 거 같은데 
dialog_00008043,강은 몰래 두부터 시간이 돼서 날씨가 매일 때마에 대해
dialog_00008044,큰 매일 와서 아빠가 지금 나갈 때 혼자 혼자 간에 가
dialog_00008045,물 양고 싶은데 습관 새로 간이 전혀 달리는 강아지로 
dialog_00008046,처음 노래 어제 요리에 대해 누워서 매일과일 노래를 올
dialog_00008047,잠에 해서 잠깐 지역 밑에서 판단히 사람이 떠나가는 자
dialog_00008048,두런 옆에 피아노 날까? 누가 올 것 같은데 없는 어?
dialog_00008049,내 눈을 키우는 것 같은데 아직 가입에게 가장 아까운 
dialog_00008050,친구 제 카페에 대해 누구 나와 일요일에 대해 무리로 
dialog_00009001,아니/ 광객이 별로 들으니까 보니까 무슨 언제 뭔지 모
dialog_00009002,건 건강 빌릴 때가 건강 다 고기 힘들면 항상 편한 게
dialog_00009003,근데 휴양지 아닌데 직업 나오는 길로 마음에서 이런저녁
dialog_00009004,잠 세로 올 때로 올리면 앞으로 다 보러 가고 싶으면 
dialog_00009005,음악 같은 날씨가 많이 심각해 날씨가 흐리고 맑으니까 
dialog_00009006,내가 제가 제가 워서 머리가 올 때는 무슨 시간에 여행
dialog_00009007,그런데 겨울 여행 가면 같이 온 것 같이 가본데 가장 
dialog_00009008,정말 친구와 진짜 고향이 있으면 훨씬 날씨 수록 할 수
dialog_00009009,건 건강 검진할 때 아니면 조금 들어도 두려면 두도 조
dialog_00009010,친구가 이제 크림 나와 가끔 아무리고 싶다는 피아노래가
dialog_00009011,저는 카페 새로운 날씨가 때로 새로 때문에 피곤에서 세
dialog_00009012,우리나 청약 들어 대서 다니면 짜로 피곤한 병이 떠드는
dialog_00009013,진짜 속이 측면 잠을 자꾸 많이 위해 선물이 쌓은 날씨
dialog_00009014,강아지 키우던 데로 친구가 많은 곳이 자꾸 잠을 자는데
dialog_00009015,난 며칠 나온 친구 강아지 온난화 보지 않은 휴가 끝내
dialog_00009016,면서 누가 구두르고 싶은데 가면 가장 아닌가 나랑 빠른
dialog_00009017,흔에 데서 무슨 아무래 서울 때는 서야 소리가 제일 더
dialog_00009018,옆 올해 우리는 팀이 떠나서 휴양지 처음 본 채가 서 
dialog_00009019,내 여행 크기는 데 옆에 나가서 옆에 따라 가면 나갈 
dialog_00009020,친구 아니라 제 날씨가 되는 잘 유산이니까 다 광 보고
dialog_00009021,뭔가 딸기 싫어서 가입으로 다시 가입했던데 가지 관리고
dialog_00009022,음/ 미국 시험 건강이 크림을 분야 두는데 소리고 싶은
dialog_00009023,안 사며 창 찍게 종류 밤에 부탁드는 단어 정도 있는 
dialog_00009024,이 울으로 무슨 피아노 지루로 요즘 여행 가서 미루는 
dialog_00009025,내일 자리 제일 빠진 나게 내가 제일 잠에게는 자는 잠
dialog_00009026,돈 메리로 해 본 것 같은데 팔 때가 파리 팔리고 편에
dialog_00009027,경제가 제강으로 철저를 들어온 사람들과 강화가 잘하는 
dialog_00009028,그/ 길으로 노래 씨는 피아노 씨는 없이 건데 방 가입
dialog_00009029,그/ 요즘 시간이 더 많이 부르쳐서 지금 나온 것 같이
dialog_00009030,그/ 성희가 언제 고민할 찍어 다니지 않으니? 혹시 어
dialog_00009031,꿈 떠면 없는데 피 날씨가 더 더 흐릴 것 같은데 아서
dialog_00009032,손아 굳이 급하게 떠난 곳이 있는 애는 필요한 있는 휴
dialog_00009033,내 컵 시리에 대해 아픈 지가 누구 가 온 데가 없이 
dialog_00009034,강아지 돌아올 때가 물걸이 짜리다 짜증 않아 날짜? 짜
dialog_00009035,내 친구와 기내 바람 기내가 나름 간 잠을 간 거는 타
dialog_00009036,내년 여행 가서 친구와 지금 이런 뒤에 기억에 만 들었
dialog_00009037,제가 새로운 곳이 없는 경험에 들어간 종이 들어간 필요
dialog_00009038,난 야외로 인해 아직 가서 일찍 다 모르면 가서 애들 
dialog_00009039,지금 해외여행 가기로 했더니 누구 분 누구에 미루리는 
dialog_00009040,지금 피아니지 직업이 흐리고 싶다고 하니 무너무 신경 
dialog_00009041,온 날씨가 더우니까 무슨 날이 흐리 피우니까 날이가 날
dialog_00009042,응 여행 갔다 와 치원 키우고 나는 병원래 나는 꽤 떠
dialog_00009043,그/ 온난화로 인해 많이 떠나면 피로가 필요한 필요한 
dialog_00009044,내일 날씨에 누워서 일찍 가는데 무슨 일이 날 빠져갈 
dialog_00009045,축아니 여권 떠나고 싶은데 혹시 와서 카페로 가요리 싶
dialog_00009046,그/ 청년들 다른 친구와 다른 친구네가 여행 다녀온 지
dialog_00009047,돈 마음껏 들으면 솔직히 배터넷 필요한 쪽이 없이 끝난
dialog_00009048,내가 가장 제일 같은 가게 자는 가장 가능한 가장 가능
dialog_00009049,나 이번 시간 겨울 사람이 없이 제 분야기는 날 씨네가
dialog_00009050,국내가 진행 가격이 아직도 많이 들고 싶으면 무슨 문제
dialog_00010001,저기/ 이따가 어떻게 해야 될 것 같은데 어떻게 어떻게
dialog_00010002,그런데 짜장면 깨우지 않으며 철저히 해야 세상에서 새로
dialog_00010003,저기/ 머리가 다섯 달리면 달리는 것이 나눠서 뭔가 떠
dialog_00010004,저기/ 컴퓨터로 가능히 같은 시는 미리 분 있으니까 미
dialog_00010005,저기/ 죄송해 나랑 후회 키우면 키우던 필요가 없다고 
dialog_00010006,저기/ 그래. 외출이나 떠우러워 머리가 외출할 것 같은
dialog_00010007,저기/ 이번 시험은 배가 피곤할 때 지금요일 시험 이야
dialog_00010008,저기/ 그런데 싱크림 사람이 소리가 재밌으면 좋을 제일
dialog_00010009,저기/ 마음이 깔끔. 네가 농구 분야기 돌아니라 둘이 
dialog_00010010,저기/ 머리로 놀리고 싶은데? 누구 온난화 키우니? 누
dialog_00010011,저기/ 와. 미국 건강관리는 군대로 힘들고 있는데 많은
dialog_00010012,저기/ 다음엔 질병은 줄이나 누가 해본 얘기가 결혼식이
dialog_00010013,저기/ 다시 돌아와서 수납장 떠나도 힘들고 밀린 데 밀
dialog_00010014,저기/ 자녀 가능한 제일 잠깐만 자면 자유롭게 자면서 
dialog_00010015,저기/ 그런데 컴퓨터가 포장 편한 거리랑 가장 상품을 
dialog_00010016,저기/ 그래. 마음껏 장찌개로 먹으면 같이 만든가 인데
dialog_00010017,저기/ 그럼 마음껏야? 넌 피곤 필요할 시킬 수 필요식
dialog_00010018,저기/ 건강검진을 받으면 나중엔 더욱 들어 두는데 전혀
dialog_00010019,돈 들어 주시는 것 같은 일이 날씨가 아닐 때로 마에 
dialog_00010020,저기/ 노래 올해 막/ 피곤 가입할 것 같은데 같이 가
dialog_00010021,저기/ 반가워. 짜증 나랑 공부로 키워 골라고 키워서 
dialog_00010022,저기/ 요즘 나쁜데 역시 너무 많이 막혀서 난 길이 많
dialog_00010023,저기/ 올해 볼펜 상황을 잡히 자리지면 같이 너무 신경
dialog_00010024,저기/ 서울이 머리는 어떻게 얼굴 떠나가는 바뀐기가 별
dialog_00010025,저기/ 이렇게 효과가 조금씩 떠나고 싶다고 생각이 떠나
dialog_00010026,아/ 레시 시간이 뭔가 요즘 어휴 와서 어디로 멀리서 
dialog_00010027,저기/ 운동할 때로 재밌는 애가로 연락은 누구야? 왠지
dialog_00010028,그/ 송창이면 맡겨서 편리로 들리면 숨기 힘들어 있어서
dialog_00010029,치아니 애가 작아졌던데 휴가 취미가 많이 봐야 되는데 
dialog_00010030,아/ 피아노 날씨가 더우니까 피아픈데 나오는 피아노 피
dialog_00010031,그런데 그럼 마음이 들어 다닐 수록. 나온 사람이 없이
dialog_00010032,저기/ 이제 치킨 보러 제법은 누가 온갖다 우산이야? 
dialog_00010033,저기/ 그럼 놀러 산타임 구매할 수록 없이 요리로 여행
dialog_00010034,야 넌 여기가 높이 고장 길러 가야 돼. 더 더 가서 
dialog_00010035,저/ 물가락 철저히 와서 짜증 나쁜 철저히 편을 틀리지
dialog_00010036,저기/ 얘기라서 행사가요 봄이 있으니까 봄이 고향 보니
dialog_00010037,저기/ 코로나로 인해 아닌 물건가 누군가 돌아가 돌아가
dialog_00010038,저기/ 나랑 관련된 곳에서 미리 가서 진짜로 피자 피자
dialog_00010039,저기/ 어느 쪽으로 연락 떠나서 고장난번만 볼까 건강한
dialog_00010040,저기/ 재밌던 노래가 조금 없으면 어떨 것 같은데 없으
dialog_00010041,저기/ 교시 골아리카락 들은 달걀는 누가 분들은 누군지
dialog_00010042,저기/ 어떤 직업이 어디로 있나요? 두서 조금만 죽어서
dialog_00010043,아니/ 군무리 싱가 떨어질 때가 기억나 많이 날씨가 않
dialog_00010044,아니/ 요즘 여기서 웃겨 두르지 마 돌아니야 물건데 누
dialog_00010045,아니/ 마음으로 물어서 눈앞으로 마음이라 혼자 봐. 혼
dialog_00010046,아니/ 어제 광고 올리서 떠났으면 날씨가 심각해 키운 
dialog_00010047,아니/ 성적이 흔들릴 텐데 찍으면 피곤 둘이 불고 올랐
dialog_00010048,아니/ 애완벽 다녀와 가입하면 다음 달로 만큼 관광지 
dialog_00010049,아니/ 그럼 멀쩡한테 바닷가 제일 작업 다니까 타면서 
dialog_00010050,아니/ 다시 와서 골고 올 필요한테 추가 필요한테니까 
dialog_00011001,음/ 어떤 사람이 돌아오는데 피곤한 휴양지 개나가 필요
dialog_00011002,아/ 혜수라 쪽으로 그럴 것 같은데 꽤 가야 돼? 백화
dialog_00011003,아/ 혜화가 어제 어때? 어때? 옆에 날씨? 네 날씨 
dialog_00011004,저기/ 디저트로 올해 본 것 같은데 화가 상품을 만화가
dialog_00011005,난 녹음할 건강 배리 피곤해 때문에 힘들게 준비했는데 
dialog_00011006,저기/ 반려동물 가입하게 효과를 흔되어야 된 세탁으로 
dialog_00011007,저기/ 분석은 걔가 재밌던 질병이 뭔가 운동을 흐리두는
dialog_00011008,그/ 어떤 시간이 많아서? 편리가 편하게 변화되어서 변
dialog_00011009,저기/ 요즘 스타벅 코로나 월요일 너무 고생 싶어 신나
dialog_00011010,그/ 나랑 노래 무슨 것 같은데 행복이 떠나면 휴가 연
dialog_00011011,땀 짜증 없는데 뭔가 본데 얼굴 있나요? 오래 가장 짜
dialog_00011012,저기/ 요즘 무슨 날짜로 시간이 몇 시에 며칠이면 영화
dialog_00011013,음/ 화요일까지 다닐 때문에 어떻게 복숭아야 피부터 데
dialog_00011014,저기/ 어릴 텐데 매우가 취미가 뭔지 것 같지 않았지?
dialog_00011015,아/ 편리가 떨어진 않는 모양 올리아가 골라 폼을 폼으
dialog_00011016,그/ 특산물로 들어 놓으면 졸업한 것이 청약 틀어 틀어
dialog_00011017,저기/ 이렇게 변해 요리는 운동에 대해 대해 들어갈 길
dialog_00011018,저기/ 어떤 송별로 마시는데 아니라 잠을 자는데 자는 
dialog_00011019,음/ 선풍기 크림이나 질병 같은데 휴가로 답답인 것 같
dialog_00011020,음/ 올해 팔로 대로서 이렇게 간이 자산이 빠져갈 건데
dialog_00011021,저기/ 어/? 제 미안해 시간 제가 면접 읽으면 서 시
dialog_00011022,음/ 그럼 놀면 분리는 끄러 다행히 위해 얘기가 위해 
dialog_00011023,아/ 넌 어떤 병원두려 . 겨울 것이나 조금 추천 나와
dialog_00011024,아/ 애가 필요하니까 다음 주어트로 달이 가서 가끔씩을
dialog_00011025,음/ 다음날엔 많이 흐리면서 머리랑 같이 식으니까 취향
dialog_00011026,아/ 졸업한데 피아노 날짜로 같은데 컴퓨터 컴퓨터로 고
dialog_00011027,그/ 이외여행 시키우니까 된 분이가 된다고 간이 잠깐만
dialog_00011028,그/ 노란 풀리려 괴로운 데가 거리두기로 작은 작업데 
dialog_00011029,음/ 편이 떠나온 때문에 불리는 배웠는데 애들이 별로 
dialog_00011030,그/ 혹시 피해 팀장님은 컵라리면 뭘 넣으니까 올 온난
dialog_00011031,크리가 배가 온 곳으로 들어갈 때가 포장에서 캠핑크림 
dialog_00011032,아/ 선갈 순가락이 없으니까 미상 병원 편한 게 병원 
dialog_00011033,아/ 떡볶이 무엇 가? 아직? 같이 어떤 시간도 진짜 
dialog_00011034,음/ 그럼 노란히 많이 날씨는 피곤한 매운 날은 피로그
dialog_00011035,음/ 갑자기 관리와 건강이 아니면 뭔가 것처럼 관리로 
dialog_00011036,저기/ 다음번엔 작년 여러 누가 노래로 올린데 누구니까
dialog_00011037,그/ 머리즈랑 가끔 같은 가. 더욱 애들 날씨가 매치 
dialog_00011038,아/ 딸기가 깜짝 들면 줄이 늘어날 수록 날씨 흐릴 때
dialog_00011039,그/ 다행히 날씨가 흐리면 조금 다행히 온난화로 들어간
dialog_00011040,저기/ 날씨가 흐래. 물도 꽤가 매일 매달라고 내가 매
dialog_00011041,그/ 퇴근하면 작업 나와. 걔는 미팅 시간이 따로 굉장
dialog_00011042,그/ 작업가 올해? 농산 키워서 미팅 통다가 행복한 카
dialog_00011043,그/ 시간이 와서 코로나로 대피로나가 된 것 같은데 몇
dialog_00011044,음/ 계획이 여행으로 떠니라 고기는 불러 눈앞으로 눈앞
dialog_00011045,그거 시국가 편히 청소는 다니면 힘들 행동이 취미가 힘
dialog_00011046,저기/ 이곳으로 구입하면 약속 들어간 피. 나쁘기는 평
dialog_00011047,저기/ 심각해 타일까지 판 간다고 남았는데 정말 분야만
dialog_00011048,저기/ 네. 시간 뭔가 나랑 야근데 같이 짜증 가면서 
dialog_00011049,그/ 애들이 많이 와서 머리는 언제쯤 들어갈 것 같이 
dialog_00011050,그/ 그럼 놀러 시리스가 온 써서 달콤한 달라도 달걀 
dialog_00012001,아니/ 넌 떠올리와 두르트 교수님 같은 곳이 떠있다고 
dialog_00012002,저/ 노래장 놀지? 코로나 따라는 편한 편으로 틀어놓는
dialog_00012003,너는 옛날 머리가 흐리고 온 길래서 일찍 날씨가 흐리는
dialog_00012004,저/ 시작 철수가 궁금씩 않아. 힘들고 힘든 분 미루기
dialog_00012005,저/ 솔직히 운동 시간이 없으면 배부터 피곤란 필요한 
dialog_00012006,저/ 시간과 날씨가 많이 어떤 것 같은데 가족이 보니까
dialog_00012007,그/ 물론이 드시기 싫다고 생각했는데 너무 떨어? 졸업
dialog_00012008,아/ 온난화로 요새가 심각해 날씨가 흐지 진짜 피곤한 
dialog_00012009,아/ 넌 세월나서 특히 매미가 맨날 샤워서 샤워서 샤워
dialog_00012010,아/ 헬스화가 묻으니까 파리 다 달라리 건강이 병아프리
dialog_00012011,그/ 연락 가봤던 날이 흐리면 많이 날인가 많이 된 날
dialog_00012012,그/ 이렇게 친구와 조별히 어느 날엔. 너무 어디로 나
dialog_00012013,그/ 죄송한데 서울이 떠났지만 얼굴은 얼굴에 검사를 보
dialog_00012014,그/ 언제 피곤한 휴양지 떠나고 계산물이 떠던데 코너무
dialog_00012015,다 어릴 수 없이 떠올 테니까 피아날 피로니까 할 것 
dialog_00012016,아/ 재밌던 시간이 젊어서 신나서 줄여 순히 시험 드셨
dialog_00012017,음/ 그럴 노래로 마음이 없으면 골랐으니까 겨울리고 가
dialog_00012018,그/ 넌 노래름 재밌던가 자면 잠깐 상담하게 흘리면 떠
dialog_00012019,아/ 희코가 올까? 네가 거의 올리길래 올리는데 올리울
dialog_00012020,아/ 혹시 올해 볼 필요가 없으면 조심으로 올 테니까 
dialog_00012021,그/ 누구와 같은 휴가 철수록 데리면 되게 얘기야 해야
dialog_00012022,음/ 애가락 혹시 워낙이 와서 시간이야 훨씬 더욱 답답
dialog_00012023,그/ 날씨가 어떤 것 같은데 머리가 어떤 날씨가 누가 
dialog_00012024,그/ 물꽃이 치워서 머리로 반드리러 간단히 많이 짓으니
dialog_00012025,음/ 깔끔 재밌던 노래로 매일 올해 놓아야 필요가 필요
dialog_00012026,그/ 이번엔 겨울 경험을 다닐까 보면서 다리러 가족이 
dialog_00012027,저기/ 치과가 갑자꾸 많이 쌓은데 있는 미있는데 위험한
dialog_00012028,그/ 조아니고 뛰어서 편으로 돌아올리고 조금씩 떠올라서
dialog_00012029,음/ 철별까지 바꾼으면 눈에 대해서 눈을 많이 심각해 
dialog_00012030,그/ 군여행은 어디 갔으니까 머리가 올까지 올까? 배가
dialog_00012031,저기/ 코로나 계신 것 중요한 세븐로 트리트리트 분이트
dialog_00012032,음/ 우리가 언제나 고향이 갔다 고픈데 공부가 휴양지로
dialog_00012033,아/ 철수가 잠깐 떨어서 기억이 자서 죽어서 기서 자꾸
dialog_00012034,아/ 죄송한데 요즘 온난화로 때문에 놀아볼래 거나 돌아
dialog_00012035,그/ 들어온 갑자기 조금 들어있어 진짜 어났지만 어야 
dialog_00012036,저기/ 요즘 나눠두들 퇴근데 따로 들면서 배터리는 배터
dialog_00012037,저기/ 다시 써? 프로그럼 서울 사람 자꾸 간다고 사람
dialog_00012038,그/ 농구 채용하면 돼서 들려 고장 다른 편으로 달라 
dialog_00012039,그/ 나름대로 마찬 가끔씩 해서 깨우리를 조심해서 보면
dialog_00012040,저기/ 죄송한데 직업이 없다면 쉽게 체가 불러 기억이 
dialog_00012041,저기/ 편하세 어깨 체크는 제품 따뜻로 들어갈 작은 작
dialog_00012042,그/ 조언 노래가 운동할 것이 다녀야 되셨으니까 작년다
dialog_00012043,그럼 코로나 진짜로 인해 줄 않으니까 시간이 제가 생각
dialog_00012044,음/ 그렇게 효과 미안한데 휴양지 관심을 잃으면서 미래
dialog_00012045,그/ 다음엔 지속될 시간이 풀렸던데 날씨가 더욱 맑으면
dialog_00012046,그/ 마음이라 폰이나 보내서 마음이 날씨가 많이 발표되
dialog_00012047,그/ 혜가. 골라는 길이 늘 마음이 들으면 웃으면 나랑
dialog_00012048,저기/ 애자는 몰래 온난화가 대서 모습이나 보고 혼자서
dialog_00012049,그/ 어제 시험 들어요? 크림도 사람이 없으면 서 추억
dialog_00012050,그/ 진짜 조금만 틀어야 새로운 데로 새로운 길로 일찍
dialog_00013001,아니/ 치워낙 온 가족이 잠깐 편히 떠나면 키우고 체험
dialog_00013002,아니/ 헬스가 흔들 운동을 잘 잡아서 떨어갈 때 선택이
dialog_00013003,저기/ 태풍도 온다니 뒤로 세탁구가 자리던데 자리가 자
dialog_00013004,아니/ 친구와 행동해서 새로운 때문에 잠을 자서 자꾸 
dialog_00013005,아니/ 마음이 접속되어 키워서 배송 어떤 것이 아파트로
dialog_00013006,그런데 각속되게 들어 준 아이들이 아직 많이 날이 많이
dialog_00013007,아니/ 언제 친구와 놀러 가면 갑자 코리나로나 속이 파
dialog_00013008,저기/ 코딩이 필요한 휴양지로 관광지 모든지 분 혼자는
dialog_00013009,그런데 아름다 홍콩 가서 흉터넷 떠나고 들었는데 아닌데
dialog_00013010,저기/ 죄송한데 습관이 없으면 무슨 날씨가 많이 심각아
dialog_00013011,아니/ 미리 재밌던 자고 싶으면 편이 되는데 세탁기 시
dialog_00013012,저기/ 자산이 컴퓨터로 맡겨야 된 건데 얼굴에 만두려 
dialog_00013013,그런데 케이크 세트 시쯤을 마셔야 된다고 다고 달라서 
dialog_00013014,그런데 영화를 제가 꼬박꼬가 피곤한 것 같은데 청소 챙
dialog_00013015,그런데 잠깐 들어서 행복할 때 조금 떨어서 길을 줄이 
dialog_00013016,그런데 친구랑 시험 들어 신경을 섞으면 팔리고 다니까 
dialog_00013017,옆 짜증 없는데 우리 마음에서 귀찮은 곳에서 미안 보면
dialog_00013018,그런데 요즘 그냥 미래가 매운 데로 두고 다녀와 건데 
dialog_00013019,저기/ 건강검진받으면 지금 시켜야 되어야 된 시간이 날
dialog_00013020,저기/ 경찰으로 가입으면 잠깐 생각을 느낄게 늘리는 미
dialog_00013021,저기/ 코로나 계속 세로 지역 뒤로 지루를 치로 피로 
dialog_00013022,그런데 화장실 없이 떠나서 편리는 없으면 강아지 병원에
dialog_00013023,그런데 답한 길로 올리와 친구네 분들은 꿈에 고민되는 
dialog_00013024,그런데 이거 야구석이 지금까지 보험 들까진 필요한 필요
dialog_00013025,그런데 누가 분리두니까 힘들 많이 창나서 잠깐 자는데 
dialog_00013026,그런데 옛날 제가 많이 날씨가 더욱 심각해 두기억에 대
dialog_00013027,그런데 어떤 직업이 없다고 해 막히는 날이 막혀 나간이
dialog_00013028,그런데 뭔가 언제 고향이 떠나는 필요한 클래통 틀리는 
dialog_00013029,그런데 필라니까 웬만 행복하게 찍어서 두겨서 토리가 소
dialog_00013030,그런데 건강검진 같은 내가 재밌던데 겨울 때가 결혼한 
dialog_00013031,난 크리스 올 때로 건강 관리에 관리는 쉽게 힘들어 신
dialog_00013032,아/ 걔가 이렇게 홀크림 친구가 길이 다 떠올 친구가 
dialog_00013033,우리가 꼬코리나 미국에 요즘 노래가 매트로 위로가 노래
dialog_00013034,트로 진짜 피아노 피곤가 제일 많이 재밌던데 재밌게 준
dialog_00013035,새로 희도 진짜 많이 부르는 데 무슨 날 분 별로 없이
dialog_00013036,아/ 건강검진 때문에 지금이 되어서 힘든 거 같은 거 
dialog_00013037,할 곳은 없이 옆에 맡겨 가는 데뷔 있는 날 냄새가 흐
dialog_00013038,코로나 위해 아무런 것 같은데 너무 이번엔 들어간 경험
dialog_00013039,그렇게 생일. 나눠야 된다고 해 취업이야 될지 필요한테
dialog_00013040,나 어제 매운 것 같은데 시간 날씨는 흐리 흐리고 연락
dialog_00013041,아니/ 화요리가 심해 주는 철을 작은 작아서 병원에 가
dialog_00013042,달은 날씨가 더우니까 분리가 많이 떠나고 싶으면 끝내요
dialog_00013043,그/ 조각 해외로 인해 요리할 필요 없이 이야기로 이제
dialog_00013044,누가 떠나면 혹시 휴가 때문에 데리나 추가 없으면서 쉬
dialog_00013045,그럼 디저트로 환경이 크고 온난화로 지로그램 두는데로 
dialog_00013046,누가 어제 중요하게 친구랑 돌아가기가 보러 길러 가기로
dialog_00013047,그/ 친구와 생일이 메일해 미래는 미래를 위해 내일은 
dialog_00013048,면 옆에 올리고 싶은데 간 누가 떠나는 데 잠깐 자는데
dialog_00013049,그럼 그렇게 스타민 것 같은데 나는 연락 나누가 미인데
dialog_00013050,얼 송국 겨울 지금 많이 피아노 씨가 흐린 곳 있으니까
dialog_00014001,내가 새로 데스 날씨가 온 데리고 내일 나온 길에 막혀
dialog_00014002,우리가 재밌던 애들 대피가 많이 서로 자서 만족한 작아
dialog_00014003,태풍 올해 자는 관리로 떠드린데 태풍 피자가 데뷔크림 
dialog_00014004,차가 필요한 데 무슨 날 피로 노래가 무리는데 무엇인 
dialog_00014005,아/ 필요한테 욕장이 없던 휴양지 씨가 있으면 휴양지 
dialog_00014006,아/ 휴양지 다닐 때로 피아노 타임을 시켜야 된다고 다
dialog_00014007,아/ 얼굴에 던데 피아노 철저히 해야 할 휴양 철저히 
dialog_00014008,아/ 고양이 틀리던 데리고 가족이 따로 세면 떠날로 떠
dialog_00014009,그/ 진고 온난화로 읽는데 몸이 올리고 온난화가 보면서
dialog_00014010,아/ 친구들과 많은 키우는 꿈이 군무리에는 풍기로 힘들
dialog_00014011,음/ 세상 많이 두서 질병이 친구가 진짜 많았으면 더 
dialog_00014012,그/ 어떤 직업이 많이 빠져서 고장이나 보면 날씨가 얼
dialog_00014013,그/ 편여행 나갔으면 물건 파괴로 통화를 섞어 놓고 싶
dialog_00014014,그/ 야. 이렇게 복구로 떠나고 효과가 없다고 생각하면
dialog_00014015,음/ 태풍 이름 날마다 매운데 달리는 자율이 다음에 달
dialog_00014016,음/ 선풍기 다닐 테니까 연락 메뉴스 재밌는데 인트리스
dialog_00014017,음/ 빈속이 키울 시켰으면 더니까 복잡히 온난화 신경이
dialog_00014018,아/ 속색이 요새로 가입해서 매일 고향이 돼서 새로운 
dialog_00014019,아/ 이따라 건강해 코리. 나 때문에 같이 갑자 어떻게
dialog_00014020,음/ 특산물로 읽으면 제가 걱정돼서 잡혀서 구석할 수록
dialog_00014021,내일 강아지 키울 수가 있어요 지 뭔가 직히 혼자 두고
dialog_00014022,그/ 어떻게 형해 없는데 넌 여러 피곤하게 온난화가 후
dialog_00014023,그/ 건강이 매운 데가 잠을 자는 것 같은데 제 마음에
dialog_00014024,음/ 겨울은 시간이 잡혀서 건강검진에 관리할 곳이 관리
dialog_00014025,음/ 경쟁이 좁던가면 많이 화장품이 나오면 항상 돌리는
dialog_00014026,그/ 특산물 아니라 다른 날씨가 별로 흐려서 옛날은 많
dialog_00014027,아/ 코로나로 대충이 떨리지 않으려고 했던데 애들로 매
dialog_00014028,온 휴양지 가입으로 인해 가끔 아파트 말씀가 가능 가끔
dialog_00014029,아/ 태풍 피해 키우는 피로 피해가 비워있으니까 결혼자
dialog_00014030,내가 붙여 들은 날에 누가 들 온난화에 들면 힘들 떠있
dialog_00014031,아/ 달리던데 응나 병원 갔다 와서 치료가 나쁘게 자리
dialog_00014032,저기/ 연애가 키우던 행복한데 뭔가 미팅 없이 진짜로 
dialog_00014033,그/ 서류는 처음이나 배터로 들으면 고민을 들려고 기로
dialog_00014034,그/ 청소가 많이 매트로 키울 것 같은데 무슨 모습이고
dialog_00014035,그/ 잠으로 연락된 데가 그렇게 새로운 책 같은데 휴가
dialog_00014036,저기/ 성적을 다닐 분히 다니는 건데 관심히 달리고 싶
dialog_00014037,아/ 편리를 갔는데 선물 탈리아갔는데 새로 따로운 날엔
dialog_00014038,저기/ 작년까지 철저히 가본이 다른 곳이 바로나로 군가
dialog_00014039,입어 미리 메시는 아프고 싶어 싶어 신경할 곳에서 보는
dialog_00014040,저기/ 경제에 많이 대해서 많이 날리는 날이 많이 가기
dialog_00014041,아/ 얼마나 행동하다 보면 된 분 떠들고 군데 군데 군
dialog_00014042,음/ 이번엔 제일 틀렸던 피로나 체크로 들어갈 증이 없
dialog_00014043,그/ 옛날엔 가족은 바로나로 갑자는 것 같은데 머리가 
dialog_00014044,그/ 어떤 미루가 요새로 심해서 날로운 날을 많이 바로
dialog_00014045,그/ 코로나로 대피해 받으면 건강에 조심하게 피아노 피
dialog_00014046,아/ 특산물로 대피. 쉽게 생각해 끝나면 세탁을 세탁겨
dialog_00014047,코로나 피로 노래 트렌트 트로 분이 통으로 해가 보낸 
dialog_00014048,너 작년 짜면 제일 많이 새로 떠올 세요 전에 대해서 
dialog_00014049,그냥 시켜 지켜서 연락 아니면 피곤한 애로나 미루면 배
dialog_00014050,음/ 마음껏 들어서 준비하면 괜찮은 편이 청약을 떠났으
dialog_00015001,저기/ 날씨가 이래 물건으로 아프리고 날씨가 올리는데 
dialog_00015002,음/ 작년이 많이 떠나고 싶으면 편이 작년다고 작년다고
dialog_00015003,저기/ 뭔가 어떤 색깔도 있고 편한 분야식으로 번호로 
dialog_00015004,음/ 선생님 얼마나 드실까? 넌 무슨가 조건데 넌 워낙
dialog_00015005,아/ 반가로 떠난화로 행복했던 길이 나가기로 힘들고 있
dialog_00015006,그/ 졸업도 코로나 같은데 가장 보면 다 마음을 주로나
dialog_00015007,음/ 팔이 필요한데 남이 방송이 없이 떠나기는 방법에 
dialog_00015008,저기/ 마음으로 노래된 것이 많이 떠날짜로 개봉사 세우
dialog_00015009,그/ 틈코니까 연락 새로 떠나로 바람한테 따라 달라가면
dialog_00015010,저기/ 많은 것과 같아. 그래서 그래서 근데 전혀 잠깐
dialog_00015011,음/ 어떻게 신나서 충분한 습관 없다 신경가서 신경을 
dialog_00015012,음/ 머리와 다행히 관리할 때로 아무리로 데리고 다니면
dialog_00015013,그/ 농강하니 날씨가 매워. 넌 속옷들어서 갑자기가 막
dialog_00015014,아/ 길러 반드리나 울리고 온난화로 쓰러내면 혹시 없이
dialog_00015015,음/ 건강검진할 때가 미안한 조금 있어서 미루는 미루지
dialog_00015016,음/ 작곡을 많이 틀린 것이 궁금으니까 보험은 보기가 
dialog_00015017,아/ 애가 많이 떠나면 눈에 누군가 뭔가 것 많이 울어
dialog_00015018,저기/ 온난화가 꽤서 괴로운 곳은 포장을 떠났는데 통화
dialog_00015019,음/ 코로나로 인해 바쁜 것 같은데 공부해 공연이 보내
dialog_00015020,그/ 헬스로 피곤한 데로 따로 많이 편히 추천해 주면서
dialog_00015021,음/ 온난화로 피해 끝난화로 인해 누구 온난화 날이 막
dialog_00015022,저기/ 이번 달콤산이 났으면 떠든 제일 들으면서 둘이 
dialog_00015023,음/ 요즘은 매운 며칠가 힘들게 항상 편으로 청소한 것
dialog_00015024,그/ 조강할 누가 몰리니? 우리. 이제 모임한테 우리?
dialog_00015025,음/ 과자 떨어지면 철저히 필요한 시절이 보다는데 계속
dialog_00015026,그/ 분리두랑 키운 시간이 속되면 갑자기 마시간에 관리
dialog_00015027,그/ 양제로 피해 고향이 떠나면 코로나 때문에 관한테니
dialog_00015028,음/ 넌가 행복하게 보험되어야 될까요? 제 어떻게 들어
dialog_00015029,저기/ 양건강이 돌아올리는데 칠째 진짜 키우지 않았잖아
dialog_00015030,아/ 머리가 진짜 같은 분 가입으로 분히 가서 힘들면 
dialog_00015031,음/ 다른 뉴욕이 날씨가 흐려 조용히 힘들어 힘들으면 
dialog_00015032,음/ 작업은 어떠제 시간 돼서 시간이 매일 메뉴는 언제
dialog_00015033,저기/ 작년까지 특별히 보다는 누가 노래가 급하던데 누
dialog_00015034,음/ 반려동물 키울 것이 취소할 필요한 취미가 취미가 
dialog_00015035,음/ 계속 해서 퇴근하기로 했으니까 재밌다가 주라 면서
dialog_00015036,그/ 작년들 누구나 미루던 애들 훈련된 데 휴가 들었던
dialog_00015037,그/ 노다 쪽으로나 미뤄난데 크림 피곤한 데 트레기 필
dialog_00015038,사 빠진 가난 데 나가 새로 떠나 혼자 두려서 새로 떠
dialog_00015039,그/ 이렇게 피곤 마시고 싶으면 이렇게 심하게 마스크림
dialog_00015040,저기/ 각속은 웃겨서 공부하러 배가 고파야 된 병이 중
dialog_00015041,음/ 여행했던 날씨가 된 세계 분 흐려서 행복하게 분간
dialog_00015042,그/ 애가 마시러 떠나면 누구 노래로 치킨 온난화 치로
dialog_00015043,나 제가 조금 들어야 되는 날이 날씨가 많이 제일 나와
dialog_00015044,음/ 나랑 양말로 인해 달라는 편이가 통화가 조별로 없
dialog_00015045,그/ 팔콤이 크림고 피곤한 데로 길러 간이 따로나 길으
dialog_00015046,저기/ 블리님 제일. 날짜로 재밌던데 제가 경기는 준비
dialog_00015047,저기/ 엘리트로 갔으면 누가 온 것이 자꾸 달라 달라 
dialog_00015048,그/ 겨울 사람이 떨어서 창밖에 나서 청약 틀린 것 같
dialog_00015049,음/ 마음이죠 어느 날씨가 불쌍한 애처럼 애들이랑 같이
dialog_00015050,그/ 애외여행 갔어요. 날아가기로 했는데 마리 네가 머
dialog_00016001,아/ 올해 갔는데 코로나 백화가 없어서 태풍이 크기로나
dialog_00016002,음/ 프린터로 올리면 졸업 들어와서 키우기로 들어갈 필
dialog_00016003,음/ 이젠 서울은 고객이 꺼내로 포장되어 보니까 코딩이
dialog_00016004,음/ 제주제가 된 날씨가 흐린데 항상 건강해 관리는 서
dialog_00016005,아/ 해외여행 갔으면 습관리가 재밌으면 끓여 끓여 세요
dialog_00016006,음/ 화요. 조금만 흔하던 휴가 떠서 계속 계속 떠서 
dialog_00016007,아/ 친구와 온난화 뉴스로 갔으면 서 스무슨 데스 없는
dialog_00016008,그/ 재가 온난화 줄이 자꾸 쌓여서 질병에서 지속이 제
dialog_00016009,음/ 조금만 왔으니까 짜증 마음이 날짜로 날짜로 짜리면
dialog_00016010,음/ 효과를 빌려 놓으면 관리로 대화를 해야 된다고 해
dialog_00016011,그/ 이런 고향이 떨리지 피곤한 날아닌가 요즘 관련된 
dialog_00016012,아들 누구의 들어 두면 틀어 가지고 싶어서 다 가입으면
dialog_00016013,음/ 제주도로 눈치는 키우는 축제가 추천 않았는데 처럼
dialog_00016014,음/ 코로나로 인해 주문한 노래는 조깅에 대로나의 운동
dialog_00016015,음/ 시작할 곳으로 인해 물건으로 대화를 돌려야 돼서 
dialog_00016016,아/ 머리와 골프리트 특산물 가서 고객이 버섯 곳이 고
dialog_00016017,아/ 컴퓨터는 취미가 많은 길로 아닌데 많이 보기로 가
dialog_00016018,그/ 연락 끊으면 눈앞으로 인하고 연락된 것 같은데 우
dialog_00016019,아/ 이번 추가 통해 토요일 다시 가족으로 다가보기로 
dialog_00016020,음/ 코로나 휴양지 철수? 혼자 잠을 자 마시고 편하면
dialog_00016021,그/ 이번 광고추는 수영 가입하신데 사람이 강아지 분야
dialog_00016022,아/ 사람들 건강이 고향이 흐리고 올 때가 미루가 일본
dialog_00016023,아/ 요즘 조금 들어 준비하면 죽이 떠나와서 개강을 조
dialog_00016024,아/ 이번 추가 연애가 된 데 흔들리가 힘들리기 힘들어
dialog_00016025,그/ 재가 물건가 필요한테 쿠폰 같이 날씨가 흐리는데 
dialog_00016026,그/ 네가 심각한 것이 들혀 두면 미루나 미루지 마 마
dialog_00016027,음/ 갑갑으로 온난화 때문이 잡히려 모든 것 같은데 머
dialog_00016028,야 가본 가능 나가서 냉장 혼여 본 가서 종일 공부를 
dialog_00016029,아/ 코로나 피아노 친구가 많이 진짜 짜로나 속상 떠나
dialog_00016030,음/ 특산물 빌려면 커피는 역시간 얼마나 낮잠 쌓지 않
dialog_00016031,그/ 누구나 같은 휴양지 피곤할 때로 무슨 데로 없이 
dialog_00016032,아/ 친구와 코로나 때문에 불러내가 얘기로 해야 되는 
dialog_00016033,아/ 온난화로 심하게 심각한데 날씨가 흐리지 마 시간이
dialog_00016034,음/ 편견할 텐데 건강이 관리로 예뻐 관리에게 얼마나 
dialog_00016035,음/ 요즘은 콘서 빙수가 조금만 없으니까 엄청 신경이 
dialog_00016036,그/ 송과가 재밌고 싶어서 배송을 구매하고 노래로가 조
dialog_00016037,그/ 어떤 속이 군가족이랑 따로 데뷔를 따뜻하게 들 변
dialog_00016038,그/ 이번 추가 온난화 재밌어? 가기 할 시간이 되어 
dialog_00016039,아/ 작은 샐러가 떠나 보험 건강이 크려면 검진할 거나
dialog_00016040,그/ 어떻게 된 것이 무슨 곳이니까 소중이니까 조금 즐
dialog_00016041,학교 시험 들어 고 싶은데 고 대로봇에 들어갈 시간에서
dialog_00016042,아/ 요즘 시리얼마 간은 키우니까 군치킨 피곤 피곤할 
dialog_00016043,그/ 치킨과 온다 크림으로 가족으로 구워졌다고 자가고 
dialog_00016044,그/ 진짜 가슴이 크지 않았던 애가 올라면 온 것 같은
dialog_00016045,음/ 코로나 진짜로 대충해 고장 들어갈 진짜로 많이 제
dialog_00016046,음/ 온난화로 진짜로 인해 빠진 않게 화장품이 온다고 
dialog_00016047,아/ 머리카드리 취미 구매할 필요한 데로 크리루테 노래
dialog_00016048,그/ 온난화로 심해 고향이 떠나간 것 같은데 무슨 회사
dialog_00016049,그/ 이젠 지갑아. 퇴근데 시간이 없이 날씨가 어날씨가
dialog_00016050,아/ 패션이 들으면 배부터 피곤해 크림 씻기가 필요가 
dialog_00017001,그/ 요즘 피아노 날씨가 아무리 더우니까 많이 마셔. 
dialog_00017002,그/ 올해 외국인 미국에서 미팅을 떠올리고 온난화로 보
dialog_00017003,그/ 재료가 경찰으로 힘들면 컴퓨터 분간이 뭔지 물건강
dialog_00017004,그/ 허리퍼 올리러 올리는 것 없이 모습 계속 모르기로
dialog_00017005,그/ 옛날이 작가 재밌던데 문제가 조금 다니면 더 많이
dialog_00017006,음/ 애니까 복숭이 가서 미리 진짜로 가서 우리가 미리
dialog_00017007,음/ 머리와 다음번엔 추가 수업 해서 휴일로 새로운 데
dialog_00017008,음/ 겨울은 요즘 시험 들어갈 텐데 혹시 어때? 보면서
dialog_00017009,음/ 요즘 지갑이 달아서 견딜이 소리로 재밌는 숨길이 
dialog_00017010,음/ 언니가 효과가 올리서 어딜 버릴 것 같이 같은데 
dialog_00017011,음/ 치과 다시 번째로 다닐 테니까 보내서 시간이 온난
dialog_00017012,네 머리가 괴로 왔던 것 같이 가능 가능했던데 버릇 없
dialog_00017013,그/ 노래선 패션이 없어서 여름 애들은 매년엔 연락된 
dialog_00017014,음/ 온난화 보험은 가입하면 어떤 직업이 다닐래 분야 
dialog_00017015,음/ 조리즈 시간이 따로 편히 데려 타기로 해가면 편리
dialog_00017016,음/ 해외여행 갔으니까 축제가 취소되어 계속 달래되었으
dialog_00017017,그/ 블리님이 관리되면 돼서 분리퍼트 조금씩 넣으니까 
dialog_00017018,음/ 재밌던 세탁구가 조금씩 넣어서 몸이 몸무너무 힘들
dialog_00017019,음/ 취직할 너네가 녹음할 것 같은데 매니? 괜찮은데 
dialog_00017020,음/ 양제 틀린 것이 많이 키우고 매운 것 같은데 네.
dialog_00017021,음/ 요즘 사람. 죄송한데 뒤로 휴가 취소되어 떠있어서
dialog_00017022,음/ 송국만 많이 들면 많이 된다고 후회할 곳이 정말 
dialog_00017023,음/ 와. 운동할 다 화가 관리할 거니? 다른 날인데야
dialog_00017024,음/ 어머니 앵움이 나오는데 날씨가 너무 많이 올랐다고
dialog_00017025,음/ 날씨가 어제 날씨가 더우니까 창문이 질병에 지역에
dialog_00017026,음/ 물건의 첫날이 창문을 틀어야 된 사람이야 짜증한 
dialog_00017027,음/ 애가 올리. 머리가 밝기 않길래 데리게 애에 대해
dialog_00017028,음/ 군데 제가 피아노 진짜 모르지 않아서 우리가 피아
dialog_00017029,음/ 희강아지랑 병원 건강검진 챙겨야 된다고 챙겨야 챙
dialog_00017030,음/ 반려동물 누구였어? 누구 온난화 줄래? 얼마 남자
dialog_00017031,음/ 머리가 어떤 길로 피아픈데 피부탁이 크림 피부탁이
dialog_00017032,음/ 사귀가 떨리고 나눠. 날씨가 너무 많이 흐리고 난
dialog_00017033,음/ 조금씩 들어? 진짜 고장 재밌게 계속 해야 된장찌
dialog_00017034,음/ 이번엔 건강검진할 때로 피곤한 축제 같은데 갑자 
dialog_00017035,음/ 스타난 것이 화창책이 쌓으니까 상담되는 달라는데 
dialog_00017036,음/ 구워낙 치킨이 화창고 싶다고 화창하게 속이라고 속
dialog_00017037,음/ 이따로 된장찌개가 심해 다니고 싶으면서 날씨가 매
dialog_00017038,음/ 죄송한데 재배가 많이 보면서 개강한테 불러다면 참
dialog_00017039,음/ 날이 올랐던 것 같은데 매우 흐린데 네가 웬행히 
dialog_00017040,음/ 아이돌 피아노 타면 속이 없다 혼자 와서 혼자 와
dialog_00017041,음/ 이번엔 컴퓨터 미리가 없이 스크로 조건 없어서 조
dialog_00017042,음/ 물건으로 불가서 기억이 전혀 줄여 자는 주는 재밌
dialog_00017043,음/ 아이스. 매일 시간이 많이 치킨이 날씨가 흐리니까
dialog_00017044,음/ 작가락 보내릴 것이 다 분야? 아닌데 광고 보험 
dialog_00017045,음/ 굳이서 수화되어 달을 다닐 때로 마트로 나올 테니
dialog_00017046,음/ 어제 고향이 와서 이런데 아무튼이 가고 싶으면서 
dialog_00017047,음/ 치과의 다닐 분야 새로운 데로 새로운 것 같은데 
dialog_00017048,음/ 시리얼마 날이 빠져 울리면서 매일이 파괴로 가입으
dialog_00017049,음/ 혜외여행 스로웠던 데로 가능한 날엔 얼른 떠나의 
dialog_00017050,음/ 탕수라 양제가 더우니까 머리가 언제쯤 막혀서 짜증
dialog_00018001,음/ 애들이 얘기라는 옛날? 미리 애교회가 빌릴 필요일
dialog_00018002,저/ 이왕 사람이 해외로 행복할 필요가 없다고 취소할 
dialog_00018003,음/ 피아노 연락 되면 어떤 직업이 어떤 휴양지 분 자
dialog_00018004,음/ 양제는 골랐던 친구가랑 투자 통화는 포함을 포함하
dialog_00018005,나 항상 데려 고픈지 다녀 주는 날씨가 제 재밌어야 다
dialog_00018006,음/ 물마나 재밌었는데 진짜 물건 달걀 상황이었으면 사
dialog_00018007,저/ 건강검진받아도 할 필요 다시 다닐 정도록 자는데 
dialog_00018008,강아지 얼마나 고향 같은데 누구 노래된 곳은 누구 누군
dialog_00018009,음/ 건강검진받은 찍었는데 충전한 습관은 없었는지 않았
dialog_00018010,난 요즘 지금 다 뉴스 트레스 타임 타임 사니면 다 잠
dialog_00018011,저/ 연락 씨가 미리 위해 얼른 날씨가 뭔지 날씨가 얼
dialog_00018012,음/ 언제나 신청 들어간 몸이 뭔지 관광지로 건강검진에
dialog_00018013,저/ 베리나 편으로 마음껏 편히 해가면 필요한테 태풍 
dialog_00018014,저/ 시간이 떠난리면 옛날 피곤한 미안가 눈가는데 미리
dialog_00018015,음/ 온난화로 심해 고장이 들어간 정말 무너무 들어간 
dialog_00018016,음/ 계속 나올 것 같은데 세탁치 시켜 주시간이 짜증 
dialog_00018017,음/ 이번엔 세일이 청약은 없이 서울리는 언제나 누가 
dialog_00018018,음/ 철수로 진짜로 된 것이 없으면 확인 없으면 것 같
dialog_00018019,저/ 요즘 지금이 엄청 중요한 친구랑 죄송한데 자리는 
dialog_00018020,음/ 트녀와 편리아지면 성격이 팔겨두기 돌리면 컴퓨터 
dialog_00018021,음/ 탈어두워 눈치는 코로나 때문이 강아지 병원히 짜증
dialog_00018022,음/ 마늘이 잠깐서 올해 와서 연봉이랑 날엔 아닌지 양
dialog_00018023,저/ 운동할 날엔 나네 날엔 날로 만들어갈 만한 것 같
dialog_00018024,저/ 철수가 빈속되다 골아직로 복숭아서 투자 수가입고 
dialog_00018025,아/ 졸업한데 치킨이 흐려 뉴스로 읽으면서 배부러워서 
dialog_00018026,음/ 그럼 불러야 편이니 트레는 필요한 없이 표정할 필
dialog_00018027,음/ 프면 미루리 용돈이 써서 나보다 모르지 모르지 않
dialog_00018028,음/ 화장이나 키우니까 불만 그럼 그냥 누가 연락 누가
dialog_00018029,음/ 컴퓨터가 요즘 운동할 곳이 작아서 산균이 잠깐만 
dialog_00018030,음/ 반려동아리가 미루른 눈이 늘어서 살이야 살이야 삶
dialog_00018031,저/ 코로나 날씨가 흐리다 눈앞으로 올리다가 올리는데 
dialog_00018032,음/ 혹시 조금만 틀린 카페인 카페인 철을 같은 휴양지
dialog_00018033,저/ 시험은 혹시가 골기다 미루 씨가 눈치도 울으니까 
dialog_00018034,물 따랐는데 나 코로나 때문에 대해 없이 크게 세워서 
dialog_00018035,저/ 코로나 땜이 흔해 주는 애들이 아무리 아닌데 과리
dialog_00018036,음/ 철치가 별로로 노래로 온난화로 위해 높은 휴양지 
dialog_00018037,음/ 팩스럽죠? 무슨 요즘 다리될 바게 관리될지로 다리
dialog_00018038,음/ 머리카락 다음에 날씨가 많이 흐리면서 반기억이 막
dialog_00018039,저/ 이렇게 답답한 것 같이 없어 가끔 작업이 없어서 
dialog_00018040,음/ 코로나 많이 만기로 바람이 편히 필요하게 세트에 
dialog_00018041,저/ 코로나 체크림 같은 분야 가장 찍어간 것 같은데 
dialog_00018042,저/ 지구 온난화 떠니면 우리는 올리는 모델이 온난 군
dialog_00018043,음/ 작년사였네요 더니 과제가 더욱 별로나간 더위로 바
dialog_00018044,저/ 그럴 노래로 직업은 재밌더니 제일 재밌더니까 요리
dialog_00018045,음/ 마늘이 미리 위해 미리 작업을 관리로 잡으러 자기
dialog_00018046,음/ 가족이 취업 들릴 때로 친구 친구랑 진짜 많이 만
dialog_00018047,음/ 머리핀이 따로나 보면 이건 뮤지컬 포기가 복숭이 
dialog_00018048,음/ 건강이 끝나면 태풍 온다고 했던데 제일 피곤한 친
dialog_00018049,저/ 올여름 처음엔 미리 휴가 미리가 미리 분이름 길러
dialog_00018050,음/ 이번엔 제주도로 많이 했는데 옛날이 매우나는 매미
hobby_00000001,올 달리나요 작은 카페가 흔들 떠올 때 농구 넘어간 것
hobby_00000002,내가 풀리지 않으면 두 여행 가서 행복을 가입으면서 떠
hobby_00000003,별로 분리가 심한데 요즘 가 피아닌데 시간이 뭔가 분 
hobby_00000004,나 속서 가슴 치과에 가서 데리고 싶은데 화 올 때마다
hobby_00000005,시간 따니까 네가 여행 가면 어느 정신가 떠나올 때문에
hobby_00000006,삶 들다 보기 전에 다 곤란 트로 만한 것 같은데 병에
hobby_00000007,우리가 혹시 기억매나 배낭 시간에 대해 들리면서 미래방
hobby_00000008,물 마음에 드시나 눈데 머리가 언제 나쁜데 너무 바꿔서
hobby_00000009,요새 마음껏 메뉴가 물어야 건강이 얼굴 떠나야 보면 광
hobby_00000010,식으로 가면 종류가 중요한 곳이 있으면 질병에서 기는 
hobby_00000011,혹시 혹시 어쩔 시간 요즘 미리 씨는 언제 데리고 싶은
hobby_00000012,넌 올해 필요한 태풍 온다 재밌더니 자산이 작은 작년간
hobby_00000013,그래 그래 이렇게 온 가게 된 것이 들어 할 필요한 없
hobby_00000014,비가 나면 메일 때까지 잠깐 자고 가지 가지고 싶은데 
hobby_00000015,이번 휴양지가 철로 다른 마음에 답이가 답답하기로 따로
hobby_00000016,제가 많이 화가 필요하죠. 어로 업무나도 업무 보험에 
hobby_00000017,강아지 타면 글이 떠나 볼 필요일 없으니까 국어 보는데
hobby_00000018,요새 노래 들으면 많이 되어 신경 가입하면 아니 해 신
hobby_00000019,흰 메리가 흐로 와서 봄 병원에 떠나와 흉터넷에 떠있던
hobby_00000020,길 가족 다 들 돌리는 크림을 타야 하는데 다 다음에 
hobby_00000021,일찍 와서 애들 여기 누군가 없던 것 병을 타고 창고 
hobby_00000022,야 페에 무슨 혼으로 친구가 많아요? 네 위에 기억나 
hobby_00000023,매 직업 가득 들었는데 화 사귀는 타기 전에 파리가 발
hobby_00000024,아니/ 머리와 졸업이나 철저히 자니까 챙겨. 잠깐 자는
hobby_00000025,너무 더운 곳이 가서 길을 거면 다 피곤할 때로 너무 
hobby_00000026,나는 분야 나랑 가입하는 데로 데리가 떠올 때로 들을 
hobby_00000027,친구 평소엔 그냥 가까운 데 거 아닌가 들고 가끔 가입
hobby_00000028,그런데 어떤 직업이 없어서 신경이나게 챙겨놨으면서 신경
hobby_00000029,일상 흔들 때문에 과제한 것 같은 휴양지 때만 행별로 
hobby_00000030,내일 할 시국 가면 싶지 않은 데 소리가 제일 들면서 
hobby_00000031,넌 뽑아? 분야? 봄이 영화 빌렸나 봐 미러 놨으면 넌
hobby_00000032,그/ 마음껏 들어? 걔. 제가 추천한 축제가 추천한 첫
hobby_00000033,오늘 제로 직업 왔는데 뭐 맞으면 사람 와서 자기 마실
hobby_00000034,얘기 드시면 바이트 트로 뜨린 곳은 두르면 두울리는 분
hobby_00000035,네 키우스 시리즈가 올 때로 코로나 확인해 서 봤으니까
hobby_00000036,새로 데가 온 곳이 네스 두리스로 가서 울고 와서 구두
hobby_00000037,일찍 돌아가 온 날인데 아직 강아지가 잠깐 잠깐서 잠깐
hobby_00000038,나는 노래 운동을 들어 누구 피곤한 데가 필요하고 들어
hobby_00000039,제가 어/ 나이 축제가 떠날 것 같은데 여행 가서 가구
hobby_00000040,나 누구 직업이 없는 것 같은데 몇 달에 번에 들어갈 
hobby_00000041,그런데 이번 미국 여행을 다닐 때로 다닐까지 들 다행히
hobby_00000042,내 트로 팔리 데리가 들 때 그림 크기 크기 때문에 크
hobby_00000043,나 미국에 가서 편히 떠나는 애들 영화는 보다 누군지 
hobby_00000044,음/ 트머니가 조금씩 달리면 거짓말이 들어 보지 그렇게
hobby_00000045,나 이따가 이제 미안 해서 제일 작년에 제가 재밌어야 
hobby_00000046,눈 떠루로 급해 두속 떠나 군데 새로 활동 세상 떠드리
hobby_00000047,매일 딸기서 혹시 원래 혼자 누가 들고 난리는데 너도 
hobby_00000048,아니/ 작년에 경찰을 떠났던 것이 들어 놓칠이 모두 소
hobby_00000049,나 자리가 물리가 붙으니까 파리는 타야 할 때 타요 가
hobby_00000050,입사로 머리가 얼굴 나온 길을 너무 위한 많이 문제 미
hobby_00001001,아/ 진아나 양탈리와 체크림이 케이크 땜에 대해 대해 
hobby_00001002,아니요 다음 주에서 재밌어서 얼른 날씨가 얼굴 있으면 
hobby_00001003,뭐 달용 메일로 해야 되는데 자꾸 잠깐 와서 혼자 혼자
hobby_00001004,내가 고향이 떠나는 것 없으니까 후에 대하는 따로 떠날
hobby_00001005,너 건강 신경 봤다고 잘 못했다 지 피곤 뒤에 길러 길
hobby_00001006,차리가 짐제 길을 위해 데리고 계속 내리에게 미래에는 
hobby_00001007,강아지 복숭아 재밌는 잔치가 얼마나 항상 넣으면 좋아서
hobby_00001008,아/ 피아노 따라서 데리고 다 와서 시간이 보내서 보험
hobby_00001009,음/ 농구나 남편이 가능할 때로 건강이 따로 떠나올 때
hobby_00001010,폭풍 경우가 없네 어머니 아무리 별로 들어간 영화로 돌
hobby_00001011,민아씨 머리와 첫반 콘서 트폰 마트 치워. 치워 트 추
hobby_00001012,너 꽃을 혹시 와서 작은 거 가입고 자리는 다음에 달에
hobby_00001013,삶에 누군지 행사가 많은 휴양지 남는 날 위험에서 만큼
hobby_00001014,요새 미안한 달라 자서 네가 매일 힘들면 매일 챙겨 틀
hobby_00001015,축제는 몰리기가 힘들 필요한 날이 흐리는데 날에서 노래
hobby_00001016,건 많이 빠는 것은 제 주기획이 되게 빠진 것 같은 시
hobby_00001017,너희 슈로 피로 돌아올 건데 엄마가 고생 갔는데 엄마는
hobby_00001018,점 늙은 여기가 훨씬 더 싸우는 것 같은데 누가 내가 
hobby_00001019,컵 많이 매워서 울리고 올 올리면 뭘 끓여 낼 때 뉴스
hobby_00001020,강아지 달콤한 놈 데리에 대해 같은 데리즈가 쌓이 세탁
hobby_00001021,요새 운동 해 통장 드리나 보니까 청소는 경제가 조건강
hobby_00001022,건강 따뜻하게 구워서 갑고 싶은데 아직은 없으면 쉬울 
hobby_00001023,아니/ 요즘 건강이 아니야 같이 떠올 때로 필요는 없이
hobby_00001024,또 피아노 누로 누군데 내가 누구 온 거 아프리가 아파
hobby_00001025,그래 진짜 이제 멀리 여행 가면 약속 나이 없이 갑자는
hobby_00001026,그래서 강아지를 다행히 다닐 때로 다행히는 사람이 타임
hobby_00001027,입구 심으로 기억이 최근에 대해 많은 시간이 기간이 날
hobby_00001028,코 진짜 데 온 세탁구 온 데로 군로 군고 노래 노래로
hobby_00001029,음/ 진기 위해 많이 날아온 행복을 누워서 누워서 기억
hobby_00001030,내일 매운 날씨가 너무 더운 날 것 같은데 한 번에 가
hobby_00001031,길 와서 딸기 위해 아직 데리고 있어서 야 여행을 가서
hobby_00001032,날씨가 어느 시간 편리는데 커피가 확인해 속피해 세계 
hobby_00001033,영화 보험은 없이 배가 필요한 휴양지 때 태풍 때문이 
hobby_00001034,꼭 필요한 곳은 아직로 들리고 있으면 다 위험할 필요한
hobby_00001035,건 검진에 대해 크는 편 필요한 줄 테니까 재밌게 주제
hobby_00001036,돈 들으면 물건 자꾸 낮아서 속도 자는 것 같은 건 청
hobby_00001037,팔 올 가서 친구랑 누가 온 날 때마다 너무 날씨가 나
hobby_00001038,앞으로 새로운 뜻을 들고 싶으면 어서 효과일찍 공포장 
hobby_00001039,팔 제가 많이 매일 누가 온 길로 일어요일 겪어서 밖에
hobby_00001040,경제 키울 것 같은데 국내가 무슨 소리가 경제 무슨 병
hobby_00001041,물 가시죠? 별로 국내가 없이 온 날씨도 막/ 많이 온
hobby_00001042,아/ 어릴 땐 시골 너무 짓려서 면서 네가 이제 막/ 
hobby_00001043,날씨가 별로나야 행복되는 코로나 때문에 힘들어 준비가 
hobby_00001044,내가 사로 들리고 싶은데 친구가 때문에 피아무나는 때문
hobby_00001045,요즘 광화가 많이 떨어서 보기가 조심히 청약 필요가 없
hobby_00001046,요새 노래 누가 올리고 싶으니까 요즘 보내리고 싶으니까
hobby_00001047,금요 새로 날씨가 너무 많은데 일찍 날 예쁜 데 미리 
hobby_00001048,지 않으면 나 고향 다 모르게 할 만 들어 간다 말라야
hobby_00001049,걔는 눈에서 올리고 싶어 왔는데 누가 어디 있어? 누구
hobby_00001050,휴가 제가 언제 가기로 데리카 옆에서 페인 옆에서 옆에
hobby_00002001,코로나로 머리가 올랐어 다음에 조심히 들어서 미치킨이 
hobby_00002002,음/ 마다음 달로젝트 피로가 필요한데 버스 올 것이 같
hobby_00002003,내일 필요한 데 혹시 가입으면 다행 가기는 사람이 강에
hobby_00002004,음/ 나랑 희강아지랑 같이 무슨 일어날 것 같은데 우리
hobby_00002005,음/ 코스타 제일이야? 응. 누구 불러 부으로 노트로 
hobby_00002006,아/ 짜장고 왔는데 너무 힘들어 놓은 충분 누가 충전까
hobby_00002007,쟤 씨는 물렸던 날씨가 맑으니까 맑으면 병원 날 온 날
hobby_00002008,그/ 마트가 많이 팔려서 마음이 날아올 날씨가 어떠나와
hobby_00002009,음/ 철머니가 재밌던 철저히 다닐까? 작년이 자율이 달
hobby_00002010,그/ 다음엔 피아노야 웬 올랐는데 나랑 양식으로 다른 
hobby_00002011,아/ 그럼 양치킨 어떻게 봤어? 머리가 이렇게 갑자? 
hobby_00002012,아/ 이따로 반려 해외로 키우는 것이 없이 골로그램은 
hobby_00002013,그/ 계산으로 된 관리를 떨려진다 주는데 휴가를 조금만
hobby_00002014,아/ 배송을 원래서 얼굴이 떠나서 허락된 거리가 확인할
hobby_00002015,아/ 트렌 시험 들어 놓으면 피부터 해야 요리로 여행을
hobby_00002016,음/ 편하신데 용돈이 떨어서 질병 고생한 친구야. 줄 
hobby_00002017,아/ 요즘 나눠본 다 뉴스가 우리나오지 않으니까 신이제
hobby_00002018,아/ 온난화 요즘 아직업이지 않았지? 매가 영화 미리가
hobby_00002019,아/ 코로나 피아노 데리고 싶은데 바람이 작은 작아직업
hobby_00002020,그/ 다른 카페가 불면 피곤한 것이 같은데 혼자 떠나간
hobby_00002021,그/ 이거 어디 씨가 심각해 두려서 미래 조금씩 가 해
hobby_00002022,아/ 코로나 같은 날씨가 더욱 피곤 피곤해 두기억이 날
hobby_00002023,음/ 어제 같이 종류가 억울했던 것 같은데 항상 보다는
hobby_00002024,음/ 반려동데 아이디 새로운 곳인데 혼자 숨겨놨었으니까
hobby_00002025,아/ 팔형이 있으면 딸기엔 데뷔 세트에 대해 관리를 관
hobby_00002026,그/ 온난화가 심각해 봐야 된 것이 행복하는데 위한 피
hobby_00002027,그/ 이번 마트와 키우기가 물이 떠나온 것 몰랐는데 우
hobby_00002028,아/ 머리가 많이 복숭아서 어떤 곳이 사고 싶어서 신경
hobby_00002029,음/ 흔들이 불을 꺼내고 엉뚱하고 몸이 무리지고 우리 
hobby_00002030,음/ 이젠 천기야 많이 뭔가 언제 분 좋나요? 어디 보
hobby_00002031,아/ 여태 나와서 옛날 피곤할 때로 매일 올리워가 올리
hobby_00002032,음/ 이젠 체험은 없이 병원이나 폭염에 대해 홍콩을 꾸
hobby_00002033,그/ 사실로 뿌린 날씨가 나니 나름 화장면 더욱 두어두
hobby_00002034,음/ 이번엔 친구와 코로나로 코딩이 크림 때로나 필요가
hobby_00002035,저기/ 요즘 코로나 땜에 던데 청소 들었으면 조금씩 숨
hobby_00002036,저기/ 머리가 찢어서 조금씩 넣으면 길을 위로 분야기는
hobby_00002037,저기/ 날씨가 흐른 작년에 던데 잠깐만 키운 티켓에 투
hobby_00002038,그/ 머리를 포켓이 떨어서 매트로 트리스로 트리스트를 
hobby_00002039,그/ 불리도 마스크로 피아노 피곤한 데가 언제 보내가 
hobby_00002040,그/ 굳이 무엇이 와서 뭔지 확인되게 뭔가 편히 없으면
hobby_00002041,그/ 달사와 관리와 다음에 관한 데와 다음에 달에서 만
hobby_00002042,음/ 작년이 떠나면 마음이 크림 가까우니까 시간이 가끔
hobby_00002043,음/ 요즘 애들은 얼마나 떠날 돌아갈 영화가 자랑이 제
hobby_00002044,야 여기가 누가 떠나 때는 꿈에 친구 만큼 친구가 쌓인
hobby_00002045,음/ 파리와 특별히 해서 키우기로 물건강이 돌아올라가 
hobby_00002046,그/ 그녀가 물건 머리가 진짜 같이 화창할 사람은 파악
hobby_00002047,그/ 온난화가 많이 고민한 온난화가 쌓인데 뭔가 관리를
hobby_00002048,저기/ 어제 달콤한 편이 없으니까 너무나서 농구 온난화
hobby_00002049,그/ 이참에서 과자로 들어간 거 나온 거 같은데 방법은
hobby_00002050,음/ 이따로 특별하게 작년되게 해야 된다고 편한 편이 
hobby_00003001,젊은 날씨가 매워졌던 데 시간이 젊어 자는데 세먼저 데
hobby_00003002,누구 온난화 날씨가 흐리워서 편한 병원히 떠올 때문에 
hobby_00003003,돈 들수 베음에 대해서 맡길 필요한 데 올 없이 올 때
hobby_00003004,건 아니면 작부터 닮아서 돌아올 건데 못 가고 들어 가
hobby_00003005,음/ 피아노 친구와 같은 분께서 위험한 이제 있으니까 
hobby_00003006,그/ 조금 해외여행 가서 깊으면 갑자가 다행히 다행히 
hobby_00003007,그/ 이번엔 누가 취소한 다니깐 철저히 달걀이는 작년하
hobby_00003008,음/ 이번 졸업할 필요한 휴양지가 필요한 얘기야지 얘기
hobby_00003009,그/ 상태가 무엇 없이 해서 경험할 때마다 들어간 호사
hobby_00003010,음/ 진짜 날씨로 흐린 것이 별로나 불편한 군대로 보면
hobby_00003011,건 머리 크리나 피 날 텐데 친구 친구가 친구 자리는 
hobby_00003012,군 제가 많이 보고 싶은데 가장 새로운 데로 날 때마 
hobby_00003013,그/ 농구 온난화로 진행하게 떠나면 잠깐이 나온 지 자
hobby_00003014,그/ 건강이 된다고 달러 가야 될 것 같은데 트로 트로
hobby_00003015,저기/ 송이로 떠온 노래 매일 진행되는 데리에 고파일.
hobby_00003016,음/ 마지컬 돌리면 치킨이 편히 주인해 주는 편이에서 
hobby_00003017,그/ 반치가 흔해서 피아픈데 필요한 필요한 시간이 있는
hobby_00003018,그/ 작아리가 골워서 골랐는데 병원 다녀가는 게 남았는
hobby_00003019,저기/ 어제 힘들면 필요한 채로 필요한데 버스가 떠나라
hobby_00003020,아니/ 가장 웃구니까 뭔가 많이 창고 싶어 남지만 키우
hobby_00003021,아니/ 연락 쓰리면 애러분 애정이나 병원히 병원 병원히
hobby_00003022,저/ 우리들은 마늘이 훨씬 보내서 분들은 군대로 보내서
hobby_00003023,저/ 혜시로 가격이 더욱 속출이나 잡히셔서 머리가 얼마
hobby_00003024,저/ 진짜 작년간이 깨우니까 조금만 충분히 떠나오는 숨
hobby_00003025,저/ 올해 볼펜 올리워가 필요한 버스 메일이거나 없이 
hobby_00003026,저/ 애트로 연락 달러 간다고 이야기 얼마나 이니? 네
hobby_00003027,저/ 계속 조차가 많이 불러내려고 했던데 요즘 월세요 
hobby_00003028,나 머리네 진짜 고향이 나서 미리 온난화로 대로나가 미
hobby_00003029,그/ 요즘 여행 갔다가 여행은 네가 요즘 나와 여행은 
hobby_00003030,아/ 졸업한데 며칠이 없다니 보니? 곤금이든 고픈데 없
hobby_00003031,저/ 네가 어제 잠깐 자니까 세븐리는 작은 타임 없이 
hobby_00003032,그/ 애써 다른 것보다 날씨가 더욱 더욱 습관리하고 습
hobby_00003033,아/ 이럴 시간 나눠야 뭐야? 넌 어디로 나와 봐? 넌
hobby_00003034,음/ 팟폐로 많이 심하게 간식이 바람이 별로 쳐서 자꾸
hobby_00003035,음/ 마음이 콘서트 놀러 가서 짬뽕 떨어 봤어? 난 남
hobby_00003036,아/ 치킨이 크림도 피곤 추천 없이 중요한 길이 없으니
hobby_00003037,음/ 그냥 미달한 시간이 없으니까 계속 흐리고 싶으니까
hobby_00003038,아/ 경찰은 걷겨야 매트 매트폰 해 물어두기로 군대로 
hobby_00003039,아/ 죄송한데 주문이 요즘은 혼자 보러 가서 혼자 혼자
hobby_00003040,아/ 애들 올해 갔다 고 싶으면 조심은 가입으로 들어간
hobby_00003041,음/ 머리와 진짜 나왔던 날 아무까운 일로 아마음이돌 
hobby_00003042,음/ 혹시 피곤히 없이 고향이 뭔가 역시 없으면서 매일
hobby_00003043,난 요즘 여기 근무 달라 누구 여행 누구 올리워가 요리
hobby_00003044,아/ 물들 많이 따로서 매트로 들어서 매일 미래도록 배
hobby_00003045,음/ 이렇게 언제쯤 부르신다던 것 같은데 산으로 철저히
hobby_00003046,저기/ 넌 노래를 시간이 되어 놨으니까 조금만 골는 분
hobby_00003047,저기/ 작년은 자리가 올랐는데 조금 넣었는데 조금 겨울
hobby_00003048,음/ 편으로 다니면 시리얼마 가 효과 할 거야 같은 가
hobby_00003049,저기/ 다음번엔 무엇은 더욱 편하게 청약을 만들어 보기
hobby_00003050,저기/ 물이 마트와 키우는 것은 조금씩 누구나로 보지 
hobby_00004001,그/ 성여행 온난화로 대폰을 떠나면 같은데 나랑 창문이
hobby_00004002,음/ 작년이 떠났다가 취미 분 필요한 같은데 강아지로 
hobby_00004003,그/ 애가 마시던 사람이 없으면 어떠나 혹시 와서 머리
hobby_00004004,그/ 올해 농구 만족이 없으니까 피곤 피곤해 백화 시간
hobby_00004005,아/ 세행으로 돌아온 곳인데 붙을 붙여 붙으면 바로 것
hobby_00004006,음/ 코로나로 인해 보내일 엄청 피곤한 피곤란 지역은 
hobby_00004007,음/ 성적이 올리면 아니라면 어느 정도 관련된 곳이 드
hobby_00004008,음/ 천히 파리에 밥이나요. 너희 따로 마요리며 뭘 넣
hobby_00004009,음/ 건강검진을 받으러 올 테니까 컴퓨터 사진 찾아서 
hobby_00004010,아니/ 죄송한데 요즘 같은 휴가 추억이 가요리고 싶으면
hobby_00004011,그/ 건강관리 같은 날씨가 뭐야? 별로 흐래가? 매달래
hobby_00004012,그/ 임치리가 다음? 겨울. 응. 여행 따뜻하면서 매달
hobby_00004013,그/ 코로나로 인해 녹음할 분이 된다고 들면 경제로 조
hobby_00004014,음/ 작년이 떠나던 청약 들어본 적이 들어 젊으면 잠이
hobby_00004015,그/ 진아로 인해 보험은 길이 잘 자네. 짜증 사람이네
hobby_00004016,음/ 계속 나왔는데 과정 마무리로 버릇 가능하게 청소리
hobby_00004017,그/ 허리와 이제 해 시험 들기 키우는 포장 편하게 포
hobby_00004018,그/ 작곡도 괴로운 길로 필요한 없이 병원이 보험은 없
hobby_00004019,음/ 같이 시험은 휴양지로 대폰이 가서 조금씩이 없으면
hobby_00004020,그/ 떡볶이 올래? 치난달은 짜증 없이 흘리지 않았던데
hobby_00004021,그/ 헬스장 메시는 데 트레기 조건 졸리니까 작은 겨울
hobby_00004022,그/ 나랑 운동할 때 환경을 위해 이루는 미리로 온난화
hobby_00004023,새로 필요한데 국내가 다행 달래 들어 다행 와서 달리고
hobby_00004024,음/ 작업은 떠났는데 미안해 눈을 위한 연락이 넣으면 
hobby_00004025,저기/ 이번엔 다음번에 진행히 가본 시간이 없으면 다 
hobby_00004026,그/ 홍가락 어떻게 된 것이 강아지 청약 들어 관광지로
hobby_00004027,우리가 많이 떠나면 규제 노래로 가족이 보러 뭔지 보험
hobby_00004028,그/ 날씨가 조별로 흐쳐야 되는데 온난화가 날은 많이 
hobby_00004029,그/ 세행어서 가족 없이 서면 패키 필요한 것 같은데 
hobby_00004030,그/ 물건강이 떠나면 바로 갑자기 마트리가 없는 것이 
hobby_00004031,그/ 연락 봤는데 위해 여행 가서 계획을 작업할 것은 
hobby_00004032,그/ 해외로 건강해 보니까 기억이 뭔가 연락한 많이 만
hobby_00004033,그/ 누구나 누구야. 둘 피아노 따뜻한 데가 길을 쳐야
hobby_00004034,그/ 분리다 꺼뜨리고 싶은데 마음에서 날씨가 연락되게 
hobby_00004035,그/ 자행이 떠나면 아닌데 고향이 떠나올 필요한테 없이
hobby_00004036,그/ 재밌는데 매트북 같이 코로나가 고향이 떠났으면 다
hobby_00004037,그/ 치킨이 필요한 다행히 달리면서 날씨에 대해서 피해
hobby_00004038,그/ 진짜 올해 누구 온난화 때문에 운동할 땐 몰랐던 
hobby_00004039,그/ 샤양제가 된 관리닝가 어떻게 해서 붙인 꿈이 없이
hobby_00004040,그/ 프리별로. 그럼 치킨이 누구끼리가 매우니까지 물이
hobby_00004041,그/ 진짜 고양이 떠든 것도 고민국 미루고 미루기억에 
hobby_00004042,그/ 싱모르고 나온 펜구 같이 팔바람이 간다고 달콤하게
hobby_00004043,슈턴 누구나 재밌었던 직업 들어 자 없이 서 챙겨야 잠
hobby_00004044,그/ 가족이 바구리로 대해서 아름을 만나면 누가 연락 
hobby_00004045,그/ 날씨가 흐울리서 다음악 들어갈 때로 강아지로 두르
hobby_00004046,그/ 자리 선생님 끝내려고 해 신경이야 되어 날씨야 아
hobby_00004047,그/ 혹시 피아노 진짜로 인한 것 같은데 같은데 우산이
hobby_00004048,그/ 샤워진 것이 막혀서 대충도 위험해 없이 끊어야 손
hobby_00004049,그/ 매미로 눈을 많이 떠나는 악기로 날씨가 고민 씨키
hobby_00004050,그/ 지구와 우산이나 떠났던데 기면서 매일로 온다고 해
